barcode	ID	label
TAGGACTT	SRR2775638	Blast
TGGAAACA	SRR2775639	Blast
GGGCCATT	SRR2775641	Blast
TTACAGCT	SRR2775643	Blast
TGGTCAAT	SRR2775645	Blast
TGGGCCCG	SRR2775647	Blast
CCACTCAT	SRR2775649	Blast
CTTTCAGG	SRR2775651	Blast
GTAGGCTA	SRR2775653	Blast
TGCCCCGC	SRR2775654	Blast
GTTCCTTT	SRR2775656	Blast
GCCCGTCA	SRR2775658	Blast
ACTACTTT	SRR2775660	Blast
CCTAATTT	SRR2775662	Blast
ATAAATTG	SRR2775664	Blast
CGGCTAGA	SRR2775666	Blast
CGGGAGAG	SRR2775668	Blast
CCGTTAAT	SRR2775670	Blast
CACCCCCT	SRR2775672	Blast
TCCAACTA	SRR2775673	Blast
GGTGGTCA	SRR2775675	Blast
AGTCTGTC	SRR2775677	Blast
AGTGCGAA	SRR2775679	Blast
TTAATAGC	SRR2775681	Blast
CTTAGACA	SRR2775683	Blast
GCACAGTA	SRR2775685	Blast
GTAATACC	SRR2775687	Blast
ATCCGATC	SRR2775689	Blast
TTGGTATG	SRR2775691	Blast
AGGATAAT	SRR2775692	Blast
ATTCTAGA	SRR2775693	Blast
ATCTTGCA	SRR2775694	Blast
ACAAATAT	SRR2775695	Blast
GACTCCGA	SRR2775696	Blast
CCTTCCGA	SRR2775697	Blast
GCGCGTCG	SRR2775698	Blast
GTGGGAAC	SRR2775699	Blast
CTTCGCAC	SRR2775700	Blast
GAGTAACG	SRR2775701	Blast
TTGTGGCA	SRR2775702	Blast
CTATCCCC	SRR2775703	Blast
TCGAGCAA	SRR2775704	Blast
CTATTTGT	SRR2775705	Blast
AGTAGGGG	SRR2775706	Blast
CTGAAGTA	SRR2775707	Blast
TCAACCCC	SRR2775708	Blast
CCGTCTGG	SRR2775709	Blast
AACGTTAC	SRR2775710	Blast
TGGATTGA	SRR2775711	Blast
CTTGGCGT	SRR2775712	Blast
TCCCGTTG	SRR2775713	Blast
CCGTAAAT	SRR2775714	Blast
AAATTCCT	SRR2775715	Blast
TTTTGCCA	SRR2775716	Blast
CCAATTAG	SRR2775717	Blast
ACTTTCCC	SRR2775718	Blast
TATCAAGA	SRR2775719	Blast
ACCGGGTG	SRR2775720	Blast
GTGTGACA	SRR2775721	Blast
GACATGGG	SRR2775722	Blast
TTCTGAAG	SRR2775723	Blast
GCGAAGGG	SRR2775724	Blast
CGCTGTTA	SRR2775725	Blast
TTGACTAT	SRR2775726	Blast
GAACTAAC	SRR2775727	Blast
TGCGTACA	SRR2775728	Blast
GTCGCAAG	SRR2775729	Blast
CCATGAGA	SRR2775730	Blast
CTGATCGA	SRR2775731	Blast
GCCCTAGT	SRR2775732	Blast
GCAATACG	SRR2775733	Blast
CAACATGT	SRR2775734	Blast
CAAGTTAG	SRR2775735	Blast
GGCGCGCA	SRR2775736	Blast
CTATTATG	SRR2775737	Blast
CTTGGCAC	SRR2775738	Blast
ATACGGCT	SRR2775739	Blast
GTAGAAAA	SRR2775740	Blast
CGCTGTGT	SRR2775741	Blast
CGTGAGCC	SRR2775742	Blast
TGTATCTT	SRR2775743	Blast
TTGGACAG	SRR2775744	Blast
TAAACCAG	SRR2775745	Blast
GTGCACCC	SRR2775746	Blast
CGCCCATC	SRR2775747	Blast
TGCCCAGA	SRR2775748	Blast
CTTCCTGC	SRR2775749	Blast
CCAGTACG	SRR2775750	Blast
CTTGGTAT	SRR2775751	Blast
CTCGGAAG	SRR2775752	Blast
ATTGCGTC	SRR2775753	Blast
ATCGCCTT	SRR2775754	Blast
GTCGTCGC	SRR2775755	Blast
ACTAAAGG	SRR2775756	Blast
CCGCTGTA	SRR2775757	Blast
TAACAGGG	SRR2775758	Blast
TCCTCTCG	SRR2775759	LSC
TGGCTACC	SRR2775760	LSC
CGAAGGAG	SRR2775761	LSC
CGGTTGTG	SRR2775762	LSC
TGTGAAGT	SRR2775763	LSC
ACTGCTGC	SRR2775764	LSC
TAGTAAGC	SRR2775765	LSC
AGGCAATT	SRR2775766	LSC
GAGAGTCA	SRR2775767	LSC
GCAGTCAG	SRR2775768	LSC
TTGGCAGC	SRR2775769	LSC
ACCGCATT	SRR2775770	LSC
CAAGTGAT	SRR2775771	LSC
GTGACTTC	SRR2775772	LSC
GCATGTCA	SRR2775773	LSC
ATAGCGGC	SRR2775774	LSC
AGTAGTGT	SRR2775775	LSC
CATTTTAT	SRR2775776	LSC
CTCAAGGA	SRR2775777	LSC
GCGTATAT	SRR2775778	LSC
ACCACGCA	SRR2775779	LSC
CACGGCTG	SRR2775780	LSC
GGAACTCG	SRR2775781	LSC
ATGTGGGG	SRR2775782	LSC
CGTATGTC	SRR2775783	LSC
CCCCGCTA	SRR2775784	LSC
TGTAATAC	SRR2775785	LSC
CCCTCTAG	SRR2775786	LSC
TCCATTTG	SRR2775787	LSC
TCACCTAA	SRR2775788	LSC
TCAGTTCC	SRR2775789	LSC
GGTCGCAC	SRR2775790	LSC
ACCGGTTG	SRR2775791	LSC
GTCGATCA	SRR2775792	LSC
AATGGCCC	SRR2775793	LSC
TTCAATGC	SRR2775794	LSC
ACATCGGT	SRR2775795	LSC
AGGGCCGG	SRR2775796	LSC
CCCAGACA	SRR2775797	LSC
GAAGCACG	SRR2775798	LSC
CAAGCTGT	SRR2775799	LSC
ACCCCCGA	SRR2775800	LSC
ACGTGCAA	SRR2775801	LSC
TGCAGCCA	SRR2775802	LSC
CTGTCAAG	SRR2775803	LSC
TGCGAAAA	SRR2775804	LSC
CGCTTCGG	SRR2775805	LSC
GTCACTGC	SRR2775806	LSC
TGTCCGTG	SRR2775807	LSC
AATTATTA	SRR2775808	LSC
CAATCAAT	SRR2775809	LSC
ACAGGGAC	SRR2775810	LSC
TGAAGAAG	SRR2775811	LSC
GCTGGCAA	SRR2775812	LSC
TGCGTGGC	SRR2775813	LSC
CCCGTCTT	SRR2775814	LSC
CAAACTTC	SRR2775815	LSC
TCCCCCAA	SRR2775816	LSC
AATATCGG	SRR2775817	LSC
ATGATAGT	SRR2775818	LSC
TCCGAGAG	SRR2775819	LSC
GCAGCTCT	SRR2775820	LSC
AGAGTACA	SRR2775821	LSC
GTAGTATT	SRR2775822	LSC
CCTAATAA	SRR2775823	LSC
GTTCACGG	SRR2775824	LSC
TGCAAATG	SRR2775825	LSC
CTTGGATT	SRR2775827	LSC
CTTACAGC	SRR2775828	LSC
GCTAGACC	SRR2775830	LSC
AGGTCAGA	SRR2775831	LSC
CGCATAGG	SRR2775833	LSC
ACAAGTGT	SRR2775834	LSC
AAGTGTAA	SRR2775836	LSC
CTACGGAG	SRR2775837	LSC
AGACTAAG	SRR2775839	LSC
TTCGATGT	SRR2775840	LSC
ACATGACT	SRR2775842	LSC
TATTAGAT	SRR2775843	LSC
ATTCAATA	SRR2775845	LSC
GTGTAGGG	SRR2775846	LSC
AGTAAATG	SRR2775848	LSC
GGTTTAGT	SRR2775849	LSC
GGCATTTC	SRR2775851	LSC
GTTGGGCG	SRR2775852	LSC
CTAAGGAG	SRR2775854	LSC
ATACGCGC	SRR2775855	LSC
CCGACATT	SRR2775857	LSC
GTGGCACA	SRR2775858	LSC
CGCTGATG	SRR2775860	LSC
CTCGATCT	SRR2775861	LSC
AGAGTGTA	SRR2775863	LSC
CTATCCAA	SRR2775864	LSC
CGCCCGTG	SRR2775866	LSC
CCGTGGGG	SRR2775867	LSC
GCGTTTAG	SRR2775869	LSC
TCCGTACG	SRR3985831	Blast
GCGACAAA	SRR3985832	Blast
ACTTACCT	SRR3985833	Blast
ATGTGACC	SRR3985834	Blast
AAACCTTA	SRR3985835	Blast
TTCGGAAA	SRR3985836	Blast
GTGCGAGG	SRR3985837	Blast
CTTGCGCC	SRR3985838	Blast
CGAGACGC	SRR3985839	Blast
CGTGCTGG	SRR3985840	Blast
AGGAGCGC	SRR3985841	Blast
GTGGGTCA	SRR3985842	Blast
TAGTATTG	SRR3985843	Blast
ACCAGAAT	SRR3985844	Blast
AGTTCCGT	SRR3985845	Blast
CGGGTTAG	SRR3985846	Blast
GAGGGCGT	SRR3985847	Blast
AAAACGTA	SRR3985848	Blast
TTTAACAG	SRR3985849	Blast
AAACTATG	SRR3985850	Blast
CTTATACA	SRR3985851	Blast
TACTCCGG	SRR3985852	Blast
CTTTGAAT	SRR3985853	Blast
GACGCAGG	SRR3985854	Blast
GATCCGCG	SRR3985855	Blast
CGTGATTA	SRR3985856	Blast
GAAAGTAT	SRR3985857	Blast
CTGTTGTG	SRR3985858	Blast
AATACTAG	SRR3985859	Blast
ACTTGCCT	SRR3985860	Blast
AACATCGT	SRR3985861	Blast
TGGACGAA	SRR3985862	Blast
GGTCGTTA	SRR3985863	Blast
GGAGGTAC	SRR3985864	Blast
TGTTACCC	SRR3985865	Blast
GTGGCTCA	SRR3985866	Blast
CCATCAGA	SRR3985867	Blast
AGTCACAT	SRR3985868	Blast
TGCGTACT	SRR3985869	Blast
GGCCCGCA	SRR3985870	Blast
GACTACTG	SRR3985871	Blast
CAGGAGAC	SRR3985872	Blast
CACGTCAA	SRR3985873	Blast
CTTAAATC	SRR3985874	Blast
TCTTAGCT	SRR3985875	Blast
CTCACAAA	SRR3985876	Blast
CCATATGA	SRR3985877	Blast
TCTTCGGT	SRR3985878	Blast
GAAAGAGG	SRR3985879	Blast
ACCCTAGA	SRR3985880	Blast
ATATACAC	SRR3985881	Blast
TCCGAGAT	SRR3985882	Blast
CAACTAGA	SRR3985883	Blast
GCGTATAG	SRR3985884	Blast
GCACTTGA	SRR3985885	Blast
TACGTGAT	SRR3985886	Blast
ACCAAGGT	SRR3985887	Blast
GGATGAAA	SRR3985888	Blast
GCGGGTTG	SRR3985890	Blast
CGCACCAT	SRR3985891	Blast
TAGACACC	SRR3985892	Blast
ACGACCGC	SRR3985893	Blast
GTTTAACT	SRR3985894	Blast
TAATTTAC	SRR3985895	Blast
GGCCTTAA	SRR3985896	Blast
CATTACTG	SRR3985897	Blast
CCGGTAAG	SRR3985898	Blast
GACGTGGC	SRR3985899	Blast
AATGAGTA	SRR3985900	Blast
TAATGGGT	SRR3985901	Blast
TCTCGAGA	SRR3985902	Blast
ACAAAGCA	SRR3985903	Blast
GCGGGAAC	SRR3985904	Blast
CATCGAGC	SRR3985905	Blast
AACGCCGT	SRR3985906	Blast
AAGGGAAC	SRR3985907	Blast
CCCATTAT	SRR3985908	Blast
TAACATTG	SRR3985909	Blast
AGAGATCA	SRR3985910	Blast
TACCGCCA	SRR3985911	Blast
GGGGCGAA	SRR3985912	Blast
CCCGATCG	SRR3985913	Blast
GTTCCACG	SRR3985914	Blast
GACGGTTA	SRR3985915	Blast
TTATACGA	SRR3985916	Blast
CTGATAGT	SRR3985917	Blast
TGACAGAA	SRR3985918	Blast
AACCTGAC	SRR3985919	Blast
GGCTAATT	SRR3985920	Blast
TCTCGCAT	SRR3985921	Blast
TAGGATAC	SRR3985922	Blast
AATGAGGC	SRR3985923	Blast
TTGAGAAC	SRR3985924	Blast
CCTATAGG	SRR3985925	Blast
GCACTTGG	SRR3985926	Blast
TCTTAGAG	SRR3985927	Blast
CTCCTCGT	SRR3985928	LSC
GCTAAGTC	SRR3985929	LSC
ATCCGACT	SRR3985930	LSC
CTATCGAC	SRR3985931	LSC
GCGTTATT	SRR3985932	LSC
ACATGCAG	SRR3985933	LSC
TATCCACC	SRR3985934	LSC
GATATTTA	SRR3985935	LSC
ATTTACAC	SRR3985936	LSC
TTATTTGA	SRR3985937	LSC
ACGAGATG	SRR3985938	LSC
TCATCTTT	SRR3985939	LSC
GCTGATTC	SRR3985940	LSC
GATAGGCA	SRR3985941	LSC
AGTGCATT	SRR3985942	LSC
ATCGCTCA	SRR3985943	LSC
TGGCGGCT	SRR3985944	LSC
TAATTGCC	SRR3985945	LSC
TCCCGCCA	SRR3985946	LSC
ATTTTGGG	SRR3985947	LSC
GTGAGACG	SRR3985948	LSC
ACTGCGCT	SRR3985949	LSC
CCCTCACT	SRR3985950	LSC
TATGCGTA	SRR3985951	LSC
GTCTTCCA	SRR3985952	LSC
CCTGGCCA	SRR3985953	LSC
GTCTTCTG	SRR3985954	LSC
ATCAGAAA	SRR3985955	LSC
TGTATGGT	SRR3985956	LSC
CAAAGCTT	SRR3985957	LSC
ATCAAAGG	SRR3985958	LSC
TTTGTCGT	SRR3985959	LSC
CTCCAGGT	SRR3985960	LSC
TCGTTGTT	SRR3985961	LSC
GTAGAACA	SRR3985962	LSC
TCTCAGCA	SRR3985963	LSC
CTCCCTTG	SRR3985964	LSC
GCGGGACA	SRR3985965	LSC
CTCTTAGA	SRR3985966	LSC
CATATTAA	SRR3985967	LSC
GCCTGGGG	SRR3985968	LSC
CCTGATTC	SRR3985969	LSC
GGCACCCC	SRR3985970	LSC
TATGAAAG	SRR3985971	LSC
GCCAAGAT	SRR3985972	LSC
TCGTTGTC	SRR3985973	LSC
TTATGTTC	SRR3985974	LSC
CCAAGTGA	SRR3985975	LSC
GTGGGTCC	SRR3985976	LSC
ATGAGAAA	SRR3985977	LSC
CCTTGCGG	SRR3985978	LSC
AAACTGGG	SRR3985979	LSC
AAGCTACC	SRR3985980	LSC
AGACTCAG	SRR3985981	LSC
AGGAAATC	SRR3985982	LSC
AGCTCAAA	SRR3985983	LSC
GCTCCTAT	SRR3985984	LSC
ATAGTTGG	SRR3985985	LSC
TGTAAATC	SRR3985986	LSC
AAAGTTCA	SRR3985987	LSC
TTCCTAAG	SRR3985988	LSC
GGCTCCTC	SRR3985989	LSC
GCAAATGT	SRR3985990	LSC
AAGCTTGG	SRR3985991	LSC
TTTTCTCC	SRR3985992	LSC
CGACCCAA	SRR3985993	LSC
ATGCATAG	SRR3985994	LSC
CATGCGGT	SRR3985995	LSC
GAGGGCAA	SRR3985996	LSC
TAGGATAG	SRR3985997	LSC
TGATCACA	SRR3985998	LSC
CGACAGAA	SRR3985999	LSC
TCTCTTTT	SRR3986000	LSC
GAATAACT	SRR3986001	LSC
TGAAACAA	SRR3986002	LSC
CACGCCCA	SRR3986003	LSC
CTTGCCCT	SRR3986004	LSC
GTGAGCAA	SRR3986005	LSC
ATAGTCCG	SRR3986006	LSC
GTTGGCTT	SRR3986007	LSC
GTGGATTT	SRR3986008	LSC
AGGCGCCA	SRR3986009	LSC
AGTTGTTG	SRR3986010	LSC
ATGACGGG	SRR3986011	LSC
ATAACGCG	SRR3986012	LSC
TAAACTGA	SRR3986013	LSC
CCGTGTCT	SRR3986014	LSC
CGATCACA	SRR3986015	LSC
CCCGCTCG	SRR3986016	LSC
CAATCGGC	SRR3986017	LSC
TGGGGTGC	SRR3986018	LSC
GGTCTTCA	SRR3986019	LSC
AACCTCAT	SRR3986020	LSC
CAAGTAAC	SRR3986021	LSC
ACTCTATC	SRR3986022	LSC
GTGACTCG	SRR3986023	LSC
GGTTGTGT	SRR3986024	LMPP
ACCGCTCT	SRR3986025	LMPP
CCTCTGGG	SRR3986026	LMPP
CACGCCGC	SRR3986027	LMPP
TACGAACA	SRR3986028	LMPP
AGGCGCGG	SRR3986029	LMPP
CGCGCCCG	SRR3986030	LMPP
ATGTATAA	SRR3986031	LMPP
TTGGCCGA	SRR3986032	LMPP
TCCGCACT	SRR3986033	LMPP
CCTGAATA	SRR3986034	LMPP
CAATAGTA	SRR3986035	LMPP
CTGCTCCG	SRR3986036	LMPP
GGGTAAAT	SRR3986037	LMPP
TCGCACCG	SRR3986038	LMPP
GCCCGGCT	SRR3986039	LMPP
ACTCTCAT	SRR3986040	LMPP
AGTCAATC	SRR3986041	LMPP
GAAAGGAA	SRR3986042	LMPP
ATTGGAGA	SRR3986043	LMPP
ATCCATAC	SRR3986044	LMPP
AAGAGCTC	SRR3986045	LMPP
TAAGGCGT	SRR3986046	LMPP
ACCGGGTT	SRR3986047	LMPP
ACACGTAT	SRR3986048	LMPP
CTATAGCA	SRR3986049	LMPP
GATAGCTC	SRR3986050	LMPP
AAGAGTCA	SRR3986051	LMPP
GTTGCGGC	SRR3986052	LMPP
TACATCCT	SRR3986053	LMPP
AAGTCGCA	SRR3986054	LMPP
GTTTTGGG	SRR3986055	LMPP
CAGTTTGT	SRR3986056	LMPP
AAGCAAAA	SRR3986057	LMPP
CCCTGTCT	SRR3986058	LMPP
ACTGACGG	SRR3986059	LMPP
AACGAGGT	SRR3986060	LMPP
ATGTTTGT	SRR3986061	LMPP
GGGATTCT	SRR3986062	LMPP
TGTGTCGG	SRR3986063	LMPP
AGACTGCG	SRR3986064	LMPP
GATGAACT	SRR3986065	LMPP
GTTTACAC	SRR3986066	LMPP
AGCCTGCA	SRR3986067	LMPP
CCATCCTA	SRR3986068	LMPP
CCTGGAGT	SRR3986069	LMPP
GTCCACAG	SRR3986070	LMPP
TCACGGCT	SRR3986071	LMPP
CCCTAGGC	SRR3986072	LMPP
GACACCCA	SRR3986073	LMPP
AACTCATC	SRR3986074	LMPP
TTCATCTC	SRR3986075	LMPP
ACTGCTCT	SRR3986077	LMPP
TTTACGAA	SRR3986078	LMPP
GCGGGAAA	SRR3986079	LMPP
TATGGAGG	SRR3986080	LMPP
TGGGCGAT	SRR3986081	LMPP
TATTGGAT	SRR3986082	LMPP
ACGACCGT	SRR3986083	LMPP
CTGGCTGT	SRR3986084	LMPP
GACTGAAT	SRR3986085	LMPP
AGAAGATC	SRR3986086	LMPP
GATATGTG	SRR3986087	LMPP
TCGACTCG	SRR3986088	LMPP
TACAGGCT	SRR3986089	LMPP
AAACACTT	SRR3986090	LMPP
AGCAGTCA	SRR3986091	LMPP
TATAGGTG	SRR3986092	LMPP
TCCGGATT	SRR3986093	LMPP
TGCTTAAC	SRR3986094	LMPP
ACCCTCTA	SRR3986095	LMPP
AATCAAGA	SRR3986096	LMPP
TATCTCGG	SRR3986097	LMPP
GTGAGAAA	SRR3986098	LMPP
CAAAATCC	SRR3986099	LMPP
GTAAAGCG	SRR3986100	LMPP
GACCGGAA	SRR3986101	LMPP
AAAGGGGG	SRR3986102	LMPP
AGTGGTTT	SRR3986103	LMPP
CTCATAGC	SRR3986104	LMPP
CCTGCAGG	SRR3986105	LMPP
CTGTGGAA	SRR3986106	LMPP
TCGTACTA	SRR3986107	LMPP
GTAGCCTG	SRR3986108	LMPP
GTTGGTAC	SRR3986109	LMPP
CGACAGAT	SRR3986110	LMPP
AGGCTCGC	SRR3986111	LMPP
GACCACAG	SRR3986112	LMPP
GCAGCCGG	SRR3986113	LMPP
AGTACGCC	SRR3986114	LMPP
TGTGCGTA	SRR3986115	LMPP
AGACGTCC	SRR3986116	LMPP
AGTCACAA	SRR3986117	LMPP
CAATTTCA	SRR3986118	LMPP
CGTACCAA	SRR3986119	LMPP
AAACGCTC	SRR3986120	LMPP
ACTGTTTA	SRR3986121	Monocyte
GAGCAGCT	SRR3986122	Monocyte
GCCTGGTG	SRR3986123	Monocyte
TTATTTAT	SRR3986124	Monocyte
TACCCAGG	SRR3986125	Monocyte
GGCCGGAT	SRR3986126	Monocyte
TTTCAGAT	SRR3986127	Monocyte
GTGACATT	SRR3986128	Monocyte
GTCGTTTA	SRR3986129	Monocyte
CGGTCTGG	SRR3986130	Monocyte
TAGGCCTC	SRR3986131	Monocyte
GCGGGTAG	SRR3986132	Monocyte
CCTCGAAA	SRR3986133	Monocyte
GGTGATCT	SRR3986134	Monocyte
GGTTCAAG	SRR3986135	Monocyte
TATATTAT	SRR3986136	Monocyte
TTAGGGTA	SRR3986137	Monocyte
TGCCATAG	SRR3986138	Monocyte
CGGATTTA	SRR3986139	Monocyte
GATGTCCC	SRR3986140	Monocyte
GATTTTGG	SRR3986141	Monocyte
TGTTGATC	SRR3986142	Monocyte
AAAGTGGG	SRR3986143	Monocyte
GCGGGCAT	SRR3986144	Monocyte
CCGAGGAC	SRR3986145	Monocyte
AGGATTTT	SRR3986146	Monocyte
AACCCGTA	SRR3986147	Monocyte
GTCGAGCG	SRR3986148	Monocyte
GCGGATAG	SRR3986149	Monocyte
TTCAAAAC	SRR3986150	Monocyte
TTACTCAG	SRR3986151	Monocyte
AAAATGAA	SRR3986152	Monocyte
GCGCGCAG	SRR3986153	Monocyte
ATTCGCGC	SRR3986154	Monocyte
TGTAGGTG	SRR3986155	Monocyte
AAGCCATG	SRR3986156	Monocyte
ATACCCCA	SRR3986157	Monocyte
AGTTTGCT	SRR3986158	Monocyte
GGCGCACG	SRR3986159	Monocyte
GTTTATTT	SRR3986160	Monocyte
GGGTTTAT	SRR3986161	Monocyte
AAGCAAGA	SRR3986162	Monocyte
GCAGAGGT	SRR3986163	Monocyte
TGCGTGTC	SRR3986164	Monocyte
TTCAGTCC	SRR3986165	Monocyte
GTCCAGGT	SRR3986166	Monocyte
TGGAAGTG	SRR3986167	Monocyte
GTCATAGG	SRR3986168	Monocyte
ATGTAGCT	SRR3986169	Monocyte
CTTCACGT	SRR3986170	Monocyte
ACTCGAGG	SRR3986171	Monocyte
GAGACGAA	SRR3986172	Monocyte
GACGCCGG	SRR3986173	Monocyte
GCAAATCG	SRR3986174	Monocyte
CAGATGCG	SRR3986175	Monocyte
TGCGGCTG	SRR3986176	Monocyte
GAATTAGC	SRR3986177	Monocyte
CACTTCGC	SRR3986178	Monocyte
CTAGCTGC	SRR3986179	Monocyte
TCCCTAGC	SRR3986180	Monocyte
TTAGCGCT	SRR3986181	Monocyte
GAGCCCTG	SRR3986182	Monocyte
TAAAGGGT	SRR3986183	Monocyte
CCACACGA	SRR3986184	Monocyte
TCCGCAGT	SRR3986185	Monocyte
TACTACAG	SRR3986186	Monocyte
ATAAACAC	SRR3986187	Monocyte
ATTAGACC	SRR3986188	Monocyte
GCTATTGG	SRR3986189	Monocyte
GCTTGGAA	SRR3986190	Monocyte
CAGTCTTA	SRR3986191	Monocyte
TCAAGAGA	SRR3986192	Monocyte
GAAGGATC	SRR3986193	Monocyte
TAAGGACG	SRR3986194	Monocyte
CCCTAAGT	SRR3986195	Monocyte
CGCAACTG	SRR3986196	Monocyte
TCAGTGTC	SRR3986197	Monocyte
ATGAGGGG	SRR3986198	Monocyte
GAAAGCAT	SRR3986199	Monocyte
ACGCCCTG	SRR3986200	Monocyte
CAAAAGAC	SRR3986201	Monocyte
CGGCACCT	SRR3986202	Monocyte
GGCTCCTT	SRR3986203	Monocyte
ACGTAGAG	SRR3986204	Monocyte
CACTGACC	SRR3986205	Monocyte
TGCACACG	SRR3986206	Monocyte
GCTGTCTC	SRR3986207	Monocyte
CTCGAATC	SRR3986208	Monocyte
CGCTTAGC	SRR3986209	Monocyte
CAAACCTT	SRR3986210	Monocyte
GCAACCGC	SRR3986211	Monocyte
TAGAGAGT	SRR3986212	Monocyte
AATAGGGC	SRR3986213	Monocyte
GGGGCACC	SRR3986214	Monocyte
CTTAAAGT	SRR3986215	Monocyte
TCGTCACG	SRR3986216	Monocyte
