barcode	label
AAACGAAAGACACTTC-1	2
AAACGAAAGCATACCT-1	1
AAACGAAAGCGCGTTC-1	1
AAACGAAAGGAAGACA-1	8
AAACGAACAGGCATCC-1	1
AAACGAAGTTTGTCTT-1	1
AAACGAATCAGTTGAC-1	5
AAACTCGAGCGATACG-1	7
AAACTCGAGTACAGAT-1	1
AAACTCGCACCTGTGG-1	7
AAACTCGCACTGCTCT-1	1
AAACTCGCAGGGTACA-1	1
AAACTCGGTGAAACAT-1	2
AAACTCGTCCATTGTT-1	2
AAACTCGTCCTGACCT-1	6
AAACTCGTCCTGTAGA-1	2
AAACTCGTCTCTGCAC-1	4
AAACTCGTCTGGTACA-1	2
AAACTCGTCTTCACTA-1	3
AAACTGCAGATATGAC-1	7
AAACTGCAGTGCACAG-1	7
AAACTGCCACCGTTGG-1	6
AAACTGCCAGTAACCT-1	7
AAACTGCGTACGAGAC-1	1
AAACTGCGTCAGAGTG-1	2
AAACTGCGTCTCTGGG-1	1
AAACTGCGTGATGTGG-1	1
AAACTGCGTGTGAGGT-1	6
AAACTGCTCCGGCGAT-1	2
AAAGATGAGTGAGCAC-1	2
AAAGATGCAACTCGTA-1	1
AAAGATGCACTCCACT-1	7
AAAGATGGTGTTGTTG-1	4
AAAGATGGTTGGACGA-1	5
AAAGATGTCAGTGTGT-1	1
AAAGATGTCCCGATTC-1	6
AAAGATGTCCCGTAGG-1	1
AAAGATGTCGAACCGC-1	3
AAAGATGTCGCGCTGA-1	3
AAAGGATAGAGCCTGA-1	1
AAAGGATAGCCATGGA-1	2
AAAGGATAGCTAACAA-1	1
AAAGGATAGTAGCAAT-1	1
AAAGGATAGTAGTCGG-1	5
AAAGGATCACGCGATC-1	2
AAAGGATCAGAGATGC-1	4
AAAGGATCAGTATACC-1	3
AAAGGATGTATCTCAG-1	6
AAAGGATGTTGGTAAA-1	3
AAAGGATTCGGTCCGA-1	1
AAAGGGCCAATTCTCT-1	6
AAAGGGCCAGGTCTGC-1	3
AAAGGGCGTCCTATTT-1	5
AAAGGGCGTGCTTTGA-1	1
AAAGGGCTCTCTGCGT-1	6
AAATGAGAGAGGAAGT-1	1
AAATGAGAGCACCATT-1	7
AAATGAGCACAAACAA-1	1
AAATGAGGTAACCCAT-1	2
AAATGAGGTACAAATG-1	2
AAATGAGGTCGATAGG-1	2
AAATGAGTCGTGCTTC-1	1
AAATGCCAGGGTGTTG-1	7
AAATGCCAGTGTAATG-1	3
AAATGCCCAAGGAGGG-1	3
AAATGCCCAATAGCGG-1	3
AAATGCCCAGGTAGGT-1	1
AAATGCCCATCGGCTG-1	1
AAATGCCGTATTGTCG-1	3
AAATGCCGTGTTAGAA-1	4
AAATGCCTCACGGGTC-1	1
AAATGCCTCTGAAAGA-1	1
AACAAAGCAATTGTGC-1	3
AACAAAGCACATGATC-1	1
AACAAAGCACTCGTGG-1	7
AACAAAGCAGATACAA-1	1
AACAAAGCAGGCATCC-1	2
AACAAAGGTAAGCCTT-1	1
AACAAAGGTATCCTTT-1	4
AACAAAGGTCGCGCTA-1	6
AACAAAGGTGAGTTGG-1	2
AACAAAGTCACCACAA-1	2
AACAAAGTCCATGACA-1	1
AACAGTCAGAGGCAGG-1	2
AACAGTCAGTTCAGGG-1	3
AACAGTCGTAGTATCC-1	1
AACAGTCGTCTTAGCA-1	4
AACAGTCTCGCTTACC-1	4
AACAGTCTCGGATCGC-1	3
AACAGTCTCTAGCAAC-1	2
AACAGTCTCTATCTAC-1	2
AACAGTCTCTCATCCG-1	1
AACATCGAGACACTTC-1	1
AACATCGAGATAGGTT-1	6
AACATCGAGGCACCTC-1	7
AACATCGAGTTACACC-1	3
AACATCGCAATCAGGG-1	6
AACATCGCAGCCACGT-1	5
AACATCGCATCCGTGG-1	7
AACATCGCATCGCCTT-1	1
AACATCGCATGATTGC-1	6
AACATCGGTCGAGGTA-1	2
AACATCGGTCTGGTTA-1	1
AACATCGGTGCACTTA-1	1
AACATCGGTTTGGATC-1	1
AACCAACAGGTGATGC-1	4
AACCAACCACCCTTAC-1	6
AACCAACCACCTGTGG-1	2
AACCAACGTAACACTC-1	1
AACCAACGTGAGGTCA-1	5
AACCAACTCGGGAATG-1	2
AACCAACTCGTGGCGT-1	2
AACCAACTCTTGTCGC-1	4
AACCGATAGGATTGAT-1	5
AACCGATAGGGACGTT-1	3
AACCGATCACAGGAAC-1	3
AACCGATCACTGATAC-1	2
AACCGATGTAAACCCT-1	5
AACCGATGTATTCTCT-1	1
AACCGATGTGATAGAT-1	1
AACCGATGTTACCCAA-1	5
AACCGATTCTATTTCG-1	3
AACCTGAAGACCATAA-1	1
AACCTGAAGAGGTACC-1	2
AACCTGAGTGCACATT-1	4
AACCTTTAGCTGAGGT-1	3
AACCTTTAGCTGATTC-1	1
AACCTTTCAAGGAAGA-1	4
AACCTTTCACCGAAAG-1	6
AACCTTTGTGTTGGTT-1	1
AACCTTTTCCATTGTT-1	6
AACCTTTTCTTGCGCT-1	1
AACGAGGAGCAACTGG-1	2
AACGAGGAGGTTCTCA-1	3
AACGAGGGTACGTAGG-1	3
AACGAGGGTGTGACCC-1	1
AACGAGGGTTCAGTAC-1	5
AACGAGGTCATGCTTT-1	1
AACGAGGTCCTCCATG-1	3
AACGGGAAGACAGTGC-1	2
AACGGGAAGGCTTTAC-1	4
AACGGGACAAACCGAG-1	2
AACGGGACAATGTAAG-1	5
AACGGGACAGCGTGAA-1	5
AACGGGACAGGTTATC-1	2
AACGGGACAGTAAGCG-1	2
AACGGGACAGTCAGAG-1	6
AACGGGACATTACACG-1	1
AACGGGACATTAGCCA-1	1
AACGGGAGTAACGTAA-1	1
AACGGGAGTGGACCAA-1	4
AACGGGATCACTCGGG-1	2
AACGTACAGCAAGGTC-1	3
AACGTACAGGCGTCCT-1	2
AACGTACAGTCTAGAA-1	3
AACGTACCACCCTTTG-1	6
AACGTACCACTTACAG-1	1
AACGTACGTGCTGTCG-1	3
AACGTACTCAATCGTG-1	1
AACGTACTCTCCTTAA-1	2
AACTGGTAGCCTGTAT-1	3
AACTGGTAGCTGAGGT-1	1
AACTGGTAGGGTCTGA-1	1
AACTGGTAGGTCTTGT-1	5
AACTGGTAGGTTCGAG-1	1
AACTGGTAGGTTCTCA-1	1
AACTGGTGTGCTAGTT-1	2
AACTGGTGTTACACTG-1	2
AACTGGTTCGGGCTCA-1	2
AACTGTGCAAGCAATA-1	1
AACTGTGCAGCAAACG-1	4
AACTGTGGTATTCTGG-1	1
AACTGTGGTGCAAAGC-1	1
AACTTGGAGACACAAT-1	2
AACTTGGAGAGAATTC-1	4
AACTTGGAGGAGACTC-1	1
AACTTGGGTGCAACAG-1	1
AACTTGGGTGCCCAGT-1	4
AACTTGGGTTAGAGAT-1	3
AACTTGGTCTTAACGG-1	1
AAGATAGAGACGCCCT-1	3
AAGATAGAGCTGAGGT-1	4
AAGATAGCAGCGTAGA-1	4
AAGATAGGTATGTCCA-1	3
AAGATAGGTCGCTAGC-1	1
AAGATAGGTTCTTTCA-1	6
AAGATAGGTTGCCTGG-1	2
AAGATAGTCCTGGAAT-1	1
AAGGAGCAGATCACCT-1	7
AAGGAGCAGATTCCGT-1	1
AAGGAGCAGCAGAAAG-1	7
AAGGAGCAGTGATCTC-1	3
AAGGAGCCATTTGGCA-1	2
AAGGAGCTCACACGTA-1	1
AAGGTTCAGAGTGGTC-1	4
AAGGTTCAGATGTTCC-1	5
AAGGTTCAGGAGAACA-1	2
AAGGTTCAGTCGAAAT-1	2
AAGGTTCCAGCGTCGT-1	1
AAGGTTCCAGGTAACG-1	1
AAGGTTCCAGTGCGAA-1	4
AAGGTTCGTCAGAAGC-1	2
AAGGTTCGTTTAAGGA-1	2
AAGGTTCGTTTAGACC-1	4
AAGGTTCTCGCCTTAC-1	1
AAGGTTCTCGCTATAG-1	4
AAGGTTCTCGGATAGG-1	2
AATACGCAGGCAAGGG-1	6
AATACGCAGGGCGAAG-1	2
AATACGCAGTGTCGGA-1	4
AATACGCAGTTACACC-1	2
AATACGCAGTTGAATG-1	1
AATACGCGTGTGAGGT-1	1
AATACGCGTTACGCTA-1	7
AATACGCGTTGTATCG-1	4
AATACGCTCACTACCC-1	1
AATACGCTCGGTACTA-1	8
AATGCCAAGTGATTAG-1	1
AATGCCACACCTGGTG-1	1
AATGCCATCACGATTG-1	5
AATGCCATCCATTGTT-1	1
AATGCCATCCTATCAT-1	1
AATGCCATCGCATAAC-1	1
AATGCCATCGGAGTTT-1	1
AATGCCATCGTTGTTT-1	5
AATGCCATCTGAACGT-1	1
AATGGAAAGATGGGTC-1	5
AATGGAAAGCGCACAA-1	4
AATGGAACAACGTACT-1	2
AATGGAACAGGATGTG-1	1
AATGGAAGTCTGAGCC-1	1
AATGGAATCCAGGGAA-1	2
AATGGAATCTTACTCA-1	5
AATGGCTAGACCCTAT-1	2
AATGGCTAGCCTGTAT-1	1
AATGGCTAGGACTAGC-1	2
AATGGCTCAAGATTAG-1	1
AATGGCTCACTTACAG-1	4
AATGGCTGTAGTACAA-1	1
AATGGCTGTATCACAC-1	1
AATGGCTGTTTGTACG-1	4
AATGTCGCAGAGCCAA-1	8
AATGTCGCATCCGTAA-1	1
AATGTCGCATGGCCCA-1	7
AATGTCGGTCGATAGG-1	2
AATGTCGTCATACTTC-1	1
AATGTCGTCGCTAGTA-1	7
AATGTCGTCGGAGTTT-1	3
ACAAACCAGAGTGGAA-1	7
ACAAACCAGATTAGAC-1	4
ACAAACCAGTGCACAG-1	3
ACAAACCCAATGTGCT-1	1
ACAAACCCACGCGACT-1	1
ACAAACCCACGTGAAG-1	7
ACAAACCCATCCGTAA-1	5
ACAAACCGTAGCATGG-1	1
ACAAAGAAGAAATGGG-1	2
ACAAAGAAGACAGTGC-1	1
ACAAAGAAGATCCGAG-1	1
ACAAAGAAGGATGTCG-1	2
ACAAAGAAGTGTCCCG-1	4
ACAAAGACAAATTGAG-1	6
ACAAAGACAAGGCGTA-1	1
ACAAAGAGTAGGTCTT-1	3
ACAAAGAGTCTCGGGT-1	8
ACAAGCTAGTTCCCGG-1	1
ACAAGCTGTAGCTGTT-1	6
ACAAGCTGTGAATACA-1	1
ACAAGCTGTTATAGAG-1	3
ACAAGCTGTTGGCTAT-1	6
ACAAGCTGTTTCGACA-1	6
ACAAGCTTCACTGATG-1	4
ACAAGCTTCCAGCACG-1	1
ACAATCGCAGATAAGT-1	3
ACAATCGTCTCTTCTC-1	1
ACAATCGTCTGGACAT-1	2
ACAGAAAAGGTTCTCA-1	2
ACAGAAAAGTCCTTCC-1	1
ACAGAAAAGTCGCCTG-1	8
ACAGAAACAACGCAAG-1	1
ACAGAAACAATCAGGG-1	5
ACAGAAACATGGCCTG-1	2
ACAGAAAGTAACTCCA-1	2
ACAGAAATCCACTAGA-1	1
ACAGAAATCTGTGTCC-1	1
ACAGACTAGGACTTTC-1	1
ACAGACTAGTCCTTCC-1	1
ACAGACTAGTTACCAC-1	5
ACAGACTCAAGGAGGG-1	7
ACAGACTCAAGTCTCA-1	5
ACAGACTCACTTTGGA-1	3
ACAGACTCATAAAGTG-1	1
ACAGACTGTAACCCAT-1	1
ACAGACTGTCGACTGC-1	1
ACAGACTGTTTCGATG-1	1
ACAGCGCAGGTTAACA-1	1
ACAGCGCCAATCCATG-1	1
ACAGCGCGTCGATAGG-1	5
ACAGCGCGTGAATCAA-1	6
ACAGCGCGTGACGCAA-1	2
ACAGCGCTCACGTCAA-1	3
ACAGCGCTCATGAACC-1	1
ACAGCGCTCCACGCTT-1	3
ACAGCGCTCCATGACA-1	3
ACAGCGCTCTTAATCC-1	1
ACAGCGCTCTTGGCCT-1	7
ACAGGCCAGCCTCGCA-1	2
ACAGGCCAGGATTTGA-1	2
ACAGGCCAGGCATGCA-1	1
ACAGGCCAGTGCAACG-1	5
ACAGGCCGTAGCATGG-1	3
ACAGGCCGTCATGAGG-1	2
ACAGGCCGTCCAACCG-1	1
ACAGGCCGTCCGAGCT-1	1
ACAGGCCGTGCATTCA-1	1
ACAGGCCTCAGTCAAC-1	1
ACAGGCCTCCTATCCG-1	1
ACAGGCCTCGTGCTTC-1	7
ACATGCAAGATACCAA-1	4
ACATGCAAGCCTGGTC-1	1
ACATGCAAGGAGTCTG-1	5
ACATGCAAGTAGAAGG-1	1
ACATGCAAGTGTTCCA-1	5
ACATGCACACTGGGCT-1	6
ACATGCAGTGATAGAT-1	7
ACATGCATCTGAACGT-1	7
ACATGGTAGGTTGACG-1	4
ACCAAACCAACTCCCT-1	1
ACCAAACCAAGACTTC-1	1
ACCAAACCAAGGCGTA-1	5
ACCAAACCAAGGTCGA-1	3
ACCAAACGTCAAGACG-1	2
ACCAAACTCCAATAGC-1	1
ACCATCCAGAGGCGGA-1	8
ACCATCCCATATTGGC-1	3
ACCATCCCATTACCTT-1	2
ACCATCCCATTCACCC-1	1
ACCATCCGTAACCATC-1	1
ACCATCCGTACGCCCA-1	2
ACCATCCGTCCGTGCA-1	4
ACCATCCGTGTTGGTT-1	1
ACCATCCTCCCGCAAG-1	2
ACCCAAAAGACAGTGC-1	2
ACCCAAACAAGCGTCC-1	2
ACCCAAAGTACGACCC-1	3
ACCCAAAGTTATAGAG-1	1
ACCCAAATCAAACCCA-1	1
ACCGAATAGCAGGAGG-1	7
ACCGAATAGCGAGCTA-1	3
ACCGAATAGTGATAAC-1	1
ACCGAATGTGACGCAA-1	6
ACCGAATGTGGACCAA-1	3
ACCGAATGTGTCGTGC-1	3
ACCGAATGTTCCCAAA-1	1
ACCGAATTCTTACCTA-1	1
ACCGCAGAGAGCTACG-1	2
ACCGCAGAGGAGAACA-1	3
ACCGCAGCACCTGGTG-1	1
ACCGCAGCATATTGGC-1	2
ACCGCAGCATGCCTTC-1	7
ACCGCAGGTCCTCAGG-1	4
ACCGCAGTCGACCCGA-1	3
ACCGCAGTCGGTCTAA-1	4
ACCGGGTAGAGTTCGG-1	1
ACCGGGTCAGAGAGAA-1	1
ACCGGGTGTACGGTTT-1	5
ACCGGGTGTCCCTTTG-1	5
ACCGGGTGTCCGAGCT-1	4
ACCGGGTTCACCACAA-1	1
ACCGGGTTCTTGTACT-1	4
ACCGGGTTCTTGTCAT-1	1
ACCTGCTAGTAATCAG-1	6
ACCTGCTCAGAACTTC-1	2
ACCTGCTGTAGGTCTT-1	1
ACCTGCTGTCAGCAAG-1	1
ACCTGCTTCCCACTAC-1	4
ACCTGCTTCCGTTAGA-1	7
ACCTGCTTCCGTTTCG-1	5
ACCTGCTTCGCGGCAT-1	4
ACCTGCTTCGGGATCC-1	1
ACCTGCTTCGGTCTCT-1	2
ACCTGCTTCTTCATAC-1	1
ACGGATTAGCGTCAAG-1	1
ACGGATTCAGTAAGCG-1	3
ACGGATTCATACAACC-1	1
ACGGATTCATCGAGTT-1	3
ACGGATTGTCCCTTTG-1	1
ACGGATTGTCCTCAGG-1	3
ACGGATTGTGACGCAA-1	1
ACGGATTGTGCAACAG-1	1
ACGGATTGTTAACTCG-1	6
ACGGATTGTTGGCTAT-1	6
ACGGATTTCGTTACAG-1	4
ACGTGGCAGCGAGAAA-1	1
ACGTGGCCAGTAAGAT-1	2
ACGTGGCGTAGTACAA-1	2
ACGTGGCGTGCACATT-1	1
ACGTGGCGTTGGTAAA-1	1
ACGTGGCGTTTCGATG-1	3
ACGTGGCTCAAAGTAG-1	2
ACGTGGCTCCGCGATG-1	3
ACGTGGCTCTCTGCAC-1	3
ACGTTAGAGACACAAT-1	1
ACGTTAGAGGAGGCGA-1	3
ACGTTAGAGGCATGCA-1	1
ACGTTAGCAATGCCAT-1	1
ACGTTAGCACTTGCGG-1	5
ACGTTAGCAGTTAAAG-1	1
ACTAACGAGAGACTCG-1	1
ACTAACGAGATTGACA-1	7
ACTAACGAGTGTCGGA-1	3
ACTAACGGTAACGGAC-1	1
ACTAACGTCCAGAGAG-1	2
ACTAACGTCGCGTGAC-1	5
ACTACCCAGACTTGAA-1	1
ACTACCCAGGAACCGT-1	4
ACTACCCAGTTTGGAA-1	2
ACTACCCCAAGGAGTC-1	1
ACTACCCCACCACGAC-1	1
ACTACCCGTTGGTAAA-1	5
ACTACCCGTTTCGATG-1	1
ACTACCCTCCGTGCGA-1	3
ACTACCCTCTGTTTAC-1	1
ACTACGAAGAAATGGG-1	7
ACTACGACAAATTCCG-1	6
ACTACGACACCACCAG-1	1
ACTACGACACTAGGAG-1	1
ACTACGAGTCACCGCA-1	3
ACTACGATCACAGGGA-1	1
ACTACGATCGAACACT-1	1
ACTACGATCGAGGTAG-1	1
ACTACGATCGGCATAT-1	1
ACTAGGTAGACGCCCT-1	3
ACTAGGTAGCCGCTGT-1	1
ACTAGGTCAGACCTGC-1	1
ACTAGGTCAGCCGAAA-1	1
ACTAGGTCAGCGTCGT-1	1
ACTAGGTTCAGTCTTT-1	1
ACTATTCAGACGCCAA-1	4
ACTATTCAGCTCGGCT-1	6
ACTATTCAGTTACACC-1	4
ACTATTCGTTTGCATG-1	1
ACTATTCTCGGAGTTT-1	6
ACTATTCTCTTGTCGC-1	3
ACTCGGGAGGAGACTC-1	1
ACTCGGGCAAGACTAA-1	5
ACTCGGGCAGGGTACA-1	1
ACTCGGGCAGTCCTGG-1	2
ACTCGGGGTAGATTAG-1	7
ACTCGGGGTGCTGTGC-1	1
ACTCGGGGTTAAGGGC-1	2
ACTCGGGTCGCTTACC-1	2
ACTGCAAAGAACAGGA-1	2
ACTGCAAAGAGGAAGT-1	1
ACTGCAAAGGTCACTT-1	1
ACTGCAACATTAGCAC-1	2
ACTGCAAGTAGCGGTA-1	2
ACTGCAAGTCATAAGA-1	8
ACTGCAAGTGCGCTCA-1	2
ACTGCAATCCAGGCCA-1	1
ACTGCAATCGATCTTT-1	1
ACTGCAATCGCACCGA-1	3
ACTGCGGCAGCTTACA-1	1
ACTGCGGGTTTCACCC-1	1
ACTGCGGTCGGGACAA-1	1
ACTGTCCAGAGGCAGG-1	4
ACTGTCCAGCTGAAAT-1	1
ACTGTCCAGCTTACCA-1	1
ACTGTCCAGTCCGGAA-1	1
ACTGTCCAGTCTTAGC-1	3
ACTGTCCCAGCAGGTA-1	2
ACTGTCCCATCCTGGG-1	6
ACTGTCCGTGCAAGCA-1	2
ACTGTCCGTTTGTCTT-1	1
ACTGTCCTCTATGAGC-1	1
ACTGTCCTCTTCAGAG-1	2
ACTTCCGAGAACAGGA-1	6
ACTTCCGAGACTAGGC-1	1
ACTTCCGAGAGGAAGT-1	3
ACTTCCGCATTCGTCC-1	2
ACTTCCGGTATGCTAC-1	4
ACTTCCGTCGTGTGCG-1	1
ACTTTCAAGAGTAAGG-1	3
ACTTTCAAGCCTGTAT-1	2
ACTTTCAAGCGCAATG-1	5
ACTTTCAAGCTCGGCT-1	4
ACTTTCAAGCTGAATA-1	3
ACTTTCACAAAGGCCA-1	1
ACTTTCACAAATGCTC-1	3
ACTTTCACACGATTAC-1	3
ACTTTCAGTGCGCTCA-1	4
ACTTTCAGTGGATTTC-1	1
ACTTTCATCCTGGGAC-1	1
AGACAAAAGACCGCAA-1	2
AGACAAAAGGCAGATC-1	6
AGACAAACACATATCG-1	1
AGACAAAGTATGTTCG-1	1
AGACAAAGTCTCTGGG-1	3
AGACAAAGTTCTACCC-1	3
AGACAAAGTTTAGAAG-1	1
AGACAAAGTTTGCATG-1	1
AGACAAATCGTTCAGA-1	8
AGACAAATCTTAATCC-1	1
AGATAGAAGACTTCCA-1	1
AGATAGAAGTCCGTGC-1	3
AGATAGACAGAAGTGC-1	2
AGATAGAGTATTCTCT-1	2
AGATAGAGTGTAGGAC-1	2
AGATAGAGTTCTGATG-1	3
AGATAGAGTTGCAGCC-1	5
AGATAGATCATCATGG-1	1
AGATAGATCCTAAAGC-1	1
AGATTCGAGACGCCCT-1	1
AGATTCGAGTCAACTC-1	4
AGATTCGGTAGCGGTA-1	1
AGATTCGGTGCAACAG-1	2
AGATTCGGTTCCTATT-1	6
AGATTCGTCAGGCGCT-1	2
AGATTCGTCCATATCT-1	1
AGATTCGTCTTACCTA-1	7
AGCCAGCAGCTTCAAC-1	2
AGCCAGCAGGACTTTC-1	2
AGCCAGCAGTGAACCG-1	7
AGCCAGCCAGGTAACG-1	6
AGCCAGCCAGGTCTGC-1	1
AGCCAGCGTGATGTGG-1	1
AGCCAGCTCAAGAGAT-1	1
AGCCAGCTCCTTCGAC-1	1
AGCCCGAAGACCGCAA-1	1
AGCCCGAAGACTCGGA-1	2
AGCCCGAAGATCGAGC-1	3
AGCCCGAAGTGCCCTG-1	7
AGCCCGACACAGAAGC-1	7
AGCCCGACACCACGAC-1	6
AGCCCGACAGATGGCA-1	6
AGCCCGACATCCCTTG-1	1
AGCCCGACATTACTCT-1	1
AGCCCGATCACGTCAA-1	5
AGCCGCAAGACAGCTG-1	3
AGCCGCAAGGCAGTAC-1	4
AGCCGCAAGGGACGTT-1	2
AGCCGCAAGTGGGACT-1	6
AGCCGCACAAACTACC-1	6
AGCCGCACATTTGGCA-1	1
AGCCGCAGTAGCGAGT-1	5
AGCCGCAGTCGAGGAT-1	7
AGCCGCAGTGTCTACA-1	1
AGCCGCATCACCCGGA-1	1
AGCCGCATCCGGACTG-1	1
AGCCGCATCCTGGGAC-1	1
AGCCGCATCGCACAAT-1	3
AGCCTCTCACATGATC-1	3
AGCCTCTGTATTTGCG-1	3
AGCCTCTTCACTACCC-1	1
AGCCTGGAGATCACCT-1	1
AGCCTGGAGATCTCAC-1	7
AGCCTGGAGCGCACAA-1	1
AGCCTGGAGCTAGCAG-1	3
AGCCTGGGTATGTCCA-1	1
AGCCTGGGTCCGGTAC-1	5
AGCCTGGGTTTGCATG-1	2
AGCCTGGTCACTAGCA-1	5
AGCCTGGTCATAGGTC-1	3
AGCCTGGTCGATGTAC-1	1
AGCCTGGTCGGCTATA-1	4
AGCCTTCAGGAGACTC-1	1
AGCCTTCAGTTGTCCA-1	3
AGCCTTCCAGAGATGC-1	6
AGCCTTCGTAAGTGCG-1	4
AGCCTTCGTCAGCAAG-1	2
AGCCTTCGTTATGCAC-1	1
AGCCTTCTCACTAGGT-1	1
AGCCTTCTCAGTGTAC-1	1
AGCCTTCTCCCGAAGC-1	1
AGCCTTCTCCCGCAAG-1	1
AGCGATTCACGAACGA-1	5
AGCGATTCATGCACTA-1	2
AGCGATTGTTGCTTGA-1	3
AGCGATTTCAGAACGG-1	3
AGCGATTTCAGGCGCT-1	2
AGCGATTTCATTCGGA-1	4
AGCGATTTCCATTGTT-1	4
AGCGTATAGATACCAA-1	6
AGCGTATAGCTGGAGT-1	4
AGCGTATAGTGATCTC-1	1
AGCGTATCAACGAGGT-1	1
AGCGTATCACTAGCCG-1	1
AGCGTATGTTTGATCG-1	8
AGCGTATTCCGTGCAG-1	1
AGCGTGCCAATGAAAC-1	1
AGCGTGCCAGTATACC-1	5
AGCGTGCGTTCTGATG-1	6
AGCGTGCGTTTGTGAC-1	1
AGCGTGCTCTGACATG-1	5
AGCTATGGTAAACCCT-1	2
AGCTATGGTCAGCAAG-1	2
AGCTATGGTTACGGAG-1	5
AGCTATGGTTGCCGCA-1	6
AGCTATGTCCCTAAAG-1	1
AGCTATGTCGTCCCAT-1	8
AGCTGATAGCTAACAA-1	1
AGCTGATCACGCTAAT-1	2
AGCTGATCATCGAGTT-1	1
AGCTGATGTTTCCTAT-1	1
AGCTGGCAGACCCATT-1	3
AGCTGGCAGAGCCTGA-1	3
AGCTGGCAGCGAGCTA-1	1
AGCTGGCCAGCAGGTA-1	1
AGCTGGCCAGTAGGCA-1	3
AGCTGGCCATCTCACC-1	7
AGCTGGCGTACTTCGA-1	2
AGCTGGCTCAAACCAC-1	3
AGCTGGCTCCGCCTAT-1	2
AGCTGGCTCGTGGTAT-1	5
AGCTGGCTCTCGCGTT-1	4
AGCTGTAAGCGTAGCA-1	1
AGCTGTACAGACTAAA-1	6
AGCTGTACATTCTTTG-1	4
AGCTGTAGTACTTGAC-1	2
AGCTGTAGTCTGAGCC-1	3
AGCTGTAGTGCCGGTT-1	4
AGGACGACAACTCGTA-1	1
AGGACGACATCCGTAA-1	6
AGGACGACATGCCCTT-1	1
AGGACGAGTGAGTCGA-1	3
AGGACGATCAGTTGAC-1	2
AGGACGATCCCAATAG-1	1
AGGACGATCCTTTGCG-1	5
AGGACGATCGCAAACT-1	2
AGGCCCAAGGTACACG-1	1
AGGCCCACAACACGGA-1	1
AGGCCCACACGTACAT-1	2
AGGCCCAGTAACAATG-1	1
AGGCCCAGTATCCCTC-1	2
AGGCCCAGTCATTGCA-1	2
AGGCCCATCTATCTAC-1	3
AGGCCTGAGGCGATTG-1	4
AGGCCTGAGTACTCTG-1	2
AGGCCTGCATGGCCGT-1	2
AGGCCTGGTACCCACG-1	1
AGGCCTGGTGGATTTC-1	3
AGGCCTGGTTAACCGT-1	1
AGGCCTGGTTCGGGAA-1	2
AGGCCTGTCAACACGT-1	1
AGGCCTGTCAGTCACA-1	1
AGGCCTGTCATCGCCT-1	6
AGGCCTGTCGGGAAAC-1	1
AGGCGAAAGCCGCAAA-1	2
AGGCGAAGTAACCGAG-1	2
AGGCGTCAGACAGCTG-1	6
AGGCGTCAGCATTCCA-1	7
AGGCGTCAGGTCTTGT-1	1
AGGCGTCCATCCATAG-1	2
AGGCGTCGTCCTTCAC-1	4
AGGCGTCGTCTCTGCT-1	1
AGGCGTCGTTGCAGAG-1	7
AGGCGTCTCCAGAATC-1	3
AGGCGTCTCTGCTACC-1	2
AGTCAACAGGGAAGCG-1	2
AGTCAACAGGGTATCG-1	6
AGTCAACAGTCGCGTC-1	4
AGTCAACCAAAGGTCG-1	2
AGTCAACCAAGCAACG-1	2
AGTCAACCACCCATCT-1	1
AGTCAACGTTTCAGCA-1	5
AGTCAACTCCAGTACA-1	2
AGTCAACTCCGAATTG-1	1
AGTCCGGAGCATGTGG-1	1
AGTCCGGAGGGCTCTC-1	1
AGTCCGGAGGTAGGCT-1	2
AGTCCGGCAACTCGAT-1	2
AGTCCGGCATGGGACA-1	1
AGTCCGGGTGTTTCTT-1	1
AGTCCGGTCAAGGCAG-1	3
AGTCCGGTCACCCTTG-1	2
AGTCCGGTCGCCACTT-1	1
AGTGCCGAGAGAGTAG-1	4
AGTGCCGAGTCATCTG-1	2
AGTGCCGCATGTGAGG-1	1
AGTGCCGGTACGGAGT-1	6
AGTGCCGGTCGTAATC-1	2
AGTGCCGGTGCACATT-1	1
AGTGCCGGTGCATCAT-1	2
AGTGCCGGTTACTACG-1	4
AGTGCCGTCGTTCAGA-1	1
AGTGCGCAGGCAGATC-1	3
AGTGCGCAGGTAGGAA-1	1
AGTGCGCCATTGTTCT-1	7
AGTGCGCGTCGCTACG-1	7
AGTGCGCGTGCTGGCT-1	6
AGTGCGCTCTTTGCAT-1	1
AGTGTACAGGTCCTCG-1	4
AGTGTACCACGGTGTC-1	4
AGTGTACCACTCAAGT-1	5
AGTGTACCAGAATGCG-1	1
AGTGTACGTAGGGTCA-1	3
AGTGTACTCAGCCGGT-1	6
AGTGTACTCGGTGATT-1	1
AGTGTACTCGTGTGCG-1	4
AGTTACGAGGCAGATC-1	7
AGTTACGAGGTTACAA-1	2
AGTTACGAGTACCACT-1	2
AGTTACGCAGTGCTCG-1	1
AGTTACGGTTTGTGAC-1	1
AGTTACGTCAGAATGA-1	1
AGTTTGGCAGCAATGG-1	1
AGTTTGGGTAACATAG-1	1
AGTTTGGGTATCTAGC-1	7
AGTTTGGGTCAGTGTT-1	6
AGTTTGGGTTAAGTCC-1	7
AGTTTGGGTTTGTCTT-1	3
AGTTTGGTCCCACTTG-1	1
AGTTTGGTCGGTTAGT-1	2
AGTTTGGTCTGTAGAC-1	2
ATAGGCTCACTCGTGG-1	2
ATAGGCTGTCCCGAGT-1	6
ATAGGCTGTGTCTACA-1	2
ATAGGCTGTTTCTTAC-1	3
ATAGGCTTCGGATAAA-1	6
ATAGTCGAGTGAATAC-1	5
ATAGTCGCAAGACACG-1	5
ATAGTCGCAAGCAGGT-1	1
ATAGTCGCACCCATCT-1	5
ATAGTCGCACTCGCAG-1	3
ATAGTCGCAGCGTGAA-1	1
ATAGTCGGTCTGAGCC-1	1
ATATTCCCATCGGCTG-1	5
ATATTCCGTGAATCAA-1	8
ATATTCCGTGATAACA-1	5
ATATTCCGTTATAGAG-1	7
ATATTCCTCAAGTTGC-1	1
ATATTCCTCGTCTTAT-1	2
ATCCAGAAGCCATCAT-1	2
ATCCAGACAGGCTACC-1	4
ATCCAGACATCGCCTT-1	3
ATCCAGACATGGTTTG-1	1
ATCCAGAGTTAACTCG-1	1
ATCCCTGAGAACGACC-1	6
ATCCCTGCACCACCAG-1	4
ATCCCTGCAGTAAGCG-1	2
ATCCCTGCATGGGTGA-1	2
ATCCCTGGTAACCGAG-1	5
ATCCCTGGTAACGGAC-1	6
ATCCCTGGTAGGGTCA-1	2
ATCCCTGGTGAGTCGA-1	1
ATCCCTGTCCCACTAC-1	5
ATCCCTGTCCGCCTAT-1	4
ATCCCTGTCCTATCCG-1	7
ATCCCTGTCGCTTCAC-1	1
ATCCTCGAGTTAGAGT-1	1
ATCCTCGCACACACAT-1	1
ATCCTCGCAGTAAGAT-1	7
ATCCTCGCATCAGAAA-1	4
ATCCTCGGTCCATTGA-1	1
ATCCTCGGTGCTAGTT-1	7
ATCCTCGTCATGCTTT-1	3
ATCCTCGTCCATCTAT-1	6
ATCCTCGTCCCGGGTA-1	7
ATCCTCGTCTTAAGCG-1	1
ATCCTGCAGAGGTCCA-1	4
ATCCTGCAGGAACCGT-1	2
ATCCTGCCAGTAAGAT-1	3
ATCGAGTAGGTGATGC-1	1
ATCGAGTAGGTTCGAG-1	2
ATCGAGTCAAGAAACT-1	1
ATCGAGTCACAGCTTA-1	1
ATCGAGTTCCTAAGTG-1	1
ATCGAGTTCCTTCGAC-1	2
ATCGAGTTCGGCAATT-1	5
ATGCATGCATCCCTCA-1	3
ATGCATGGTAGCGAGT-1	1
ATGCATGTCCAACCTC-1	4
ATGCATGTCCACACCT-1	2
ATGCATGTCGCGGCAT-1	4
ATGGATCAGTCTGTGT-1	2
ATGGATCCACTACACA-1	6
ATGGATCCAGAGCCAA-1	5
ATGGATCCATGGCCTG-1	2
ATGGATCCATGTGGGA-1	1
ATGGATCGTACGGAGT-1	4
ATGGATCTCCATGTTT-1	1
ATGGATCTCGGTTGTA-1	3
ATGGATCTCGTCTAGA-1	2
ATGTACGAGATCTCAC-1	8
ATGTACGAGCGTTGCC-1	5
ATGTACGAGGCTTTAC-1	4
ATGTACGAGTATGCTC-1	4
ATGTACGAGTGCCCTG-1	1
ATGTACGGTCATTGCA-1	4
ATGTACGTCCATGTTT-1	2
ATGTACGTCCGAGGAA-1	5
ATGTACGTCGACTCGG-1	3
ATGTACGTCTATCTTG-1	8
ATGTCGAAGAGAGGTA-1	2
ATGTCGAAGTTTACGC-1	2
ATGTCGACACAAGGGT-1	3
ATGTCGACACATTGCA-1	4
ATGTCGACAGTCAGCC-1	3
ATGTCGACATGGAGGT-1	5
ATGTCGAGTAAACCCT-1	4
ATGTCGAGTAAACGAT-1	3
ATGTCGATCCCAATGA-1	6
ATGTCGATCGCAAACT-1	6
ATGTCTTAGACAACGC-1	2
ATGTCTTAGGCTCAGA-1	1
ATGTCTTCAATGGCTT-1	3
ATGTCTTTCATTCGGA-1	1
ATGTCTTTCCTTTGCG-1	1
ATGTCTTTCTTGTACT-1	4
ATGTTTCAGTCCTTCC-1	1
ATGTTTCCAACAAACA-1	5
ATGTTTCCACCGTTGG-1	3
ATGTTTCCAGATACAA-1	3
ATGTTTCGTTAGCTCA-1	2
ATTACCTAGAGTCCGA-1	2
ATTACCTCAATGCCAT-1	7
ATTACCTCAATGTGCT-1	7
ATTACCTCACTCAGCG-1	3
ATTACCTGTGGACCAA-1	6
ATTACCTGTTTCGTTT-1	1
ATTACTCAGGCAGTAC-1	2
ATTACTCAGGCCAGTA-1	5
ATTACTCCAGCAATGG-1	1
ATTACTCGTTACGGAG-1	2
ATTACTCTCGTCTAGA-1	7
ATTACTCTCTTACCTA-1	4
ATTCGTTAGTCCCGCA-1	7
ATTCGTTAGTCTGCTA-1	5
ATTCGTTAGTGGACGT-1	4
ATTCGTTCAACGACAG-1	1
ATTCGTTCACAGTTCA-1	1
ATTCGTTCATCGACCG-1	6
ATTCGTTCATTGAACC-1	6
ATTCGTTGTCGCGCTA-1	5
ATTCGTTGTTGCAGAG-1	2
ATTCGTTTCAGAATGA-1	4
ATTCGTTTCGGTACTA-1	1
ATTCGTTTCTATGAGC-1	3
ATTCGTTTCTCATATC-1	1
ATTCGTTTCTCCTTGG-1	1
ATTGTCTAGCCATGGA-1	3
ATTGTCTAGTGAACCG-1	2
ATTGTCTCAAGCAATA-1	4
ATTGTCTCACTGATAC-1	5
ATTGTCTGTGTCCTTC-1	5
ATTGTCTGTTCTTTCA-1	2
ATTGTCTTCGACTTAG-1	1
ATTGTCTTCGCACAAT-1	3
ATTGTCTTCGCTAGTA-1	1
ATTGTGGAGAGAGGTA-1	5
ATTGTGGAGCATTCCA-1	7
ATTGTGGAGCTTACCA-1	7
ATTGTGGCAAGACACG-1	3
ATTGTGGCAAGGGAGG-1	4
ATTGTGGGTCATTGCA-1	8
ATTGTGGGTGGAAGCT-1	4
ATTGTGGTCATTGCCC-1	1
ATTGTGGTCCAGTTAG-1	2
ATTGTGGTCCCTAAAG-1	5
ATTGTGGTCCGAGGAA-1	5
ATTGTGGTCGCACAAT-1	1
ATTGTGGTCGGGACAA-1	7
ATTTGTCAGGCCTAAG-1	1
ATTTGTCAGGTACATA-1	1
ATTTGTCCATATACGC-1	6
ATTTGTCGTACTTCGA-1	2
ATTTGTCGTATCTGCA-1	2
ATTTGTCGTCTAACCA-1	7
ATTTGTCGTGACAAGC-1	1
ATTTGTCGTTACCACA-1	1
ATTTGTCGTTAGCTCA-1	1
ATTTGTCGTTCTTTGT-1	2
ATTTGTCTCTTCAGAG-1	1
CAAAGCTAGGTGTTGG-1	6
CAAAGCTAGGTTAACA-1	3
CAAAGCTCACGGCCAT-1	3
CAAAGCTGTATATGGA-1	6
CAAAGCTGTCAGACGA-1	1
CAAAGCTTCGTAGCGC-1	4
CAACCAAAGACTAATG-1	2
CAACCAAAGACTCTTG-1	1
CAACCAAAGATGCGCA-1	2
CAACCAAAGGAGTACC-1	2
CAACCAACACAGATGG-1	2
CAACCAACATCGCTAA-1	1
CAACCAAGTAATGCAA-1	1
CAACCAAGTGAGGGTT-1	2
CAACCAATCTCGTGAA-1	6
CAACGGCAGAACTAAC-1	1
CAACGGCAGTTCTCCC-1	1
CAACGGCGTAACCCAT-1	2
CAACGGCGTCGATTAC-1	5
CAACGGCGTTACACTG-1	1
CAACGGCTCAGTGTAC-1	8
CAACGGCTCGCGCTGA-1	7
CAACGTAAGAAATTCG-1	7
CAACGTAAGATTCCGT-1	2
CAACGTAAGCTCCGGT-1	2
CAACGTAGTCAGTGTT-1	4
CAACGTAGTTGTATCG-1	3
CAACGTATCAAAGTAG-1	1
CAACGTATCTCTATTG-1	1
CAAGAAAAGCTGAATA-1	7
CAAGAAAAGTGGTGTG-1	2
CAAGAAACAAGCCAGA-1	7
CAAGAAAGTACATGGG-1	2
CAAGAAATCGACTCGG-1	1
CAAGCTAAGAATGCTA-1	1
CAAGCTAAGACAGCTG-1	3
CAAGCTAAGCTAACAA-1	6
CAAGCTAAGGCGTCCT-1	7
CAAGCTAAGTATAGTG-1	8
CAAGCTACAAGACTTC-1	3
CAAGCTACACATATCG-1	4
CAAGCTACATGTCCCT-1	2
CAAGCTAGTATGCTAC-1	5
CAAGCTATCACACGTA-1	7
CAAGCTATCCATACCC-1	1
CAAGGCCAGAGTGGTC-1	8
CAAGGCCAGATGGGAA-1	1
CAAGGCCCACTCGCAG-1	3
CAAGGCCCAGGATAGC-1	2
CAAGGCCGTAGCGAGT-1	2
CAAGGCCGTAGTACAA-1	1
CAAGGCCGTCAGAAGC-1	2
CAAGGCCGTCTTAGCA-1	2
CAATCCCGTAAACGTA-1	1
CAATCCCGTAGTTTGC-1	1
CAATCCCGTCGTAGTT-1	1
CAATCCCTCTGACATG-1	5
CACAACAAGGAAACTT-1	3
CACAACAGTGGAAAGA-1	1
CACAACAGTGGCCTCA-1	1
CACAACATCCGAGGAA-1	5
CACAACATCGACGGAA-1	2
CACAACATCTCGTAGA-1	1
CACAGATAGCGCATTT-1	2
CACAGATAGTGTAATG-1	1
CACAGATCAAGCACTT-1	6
CACAGATCAATGGTAA-1	3
CACAGATCATTCCCGT-1	2
CACAGATTCAAACCCA-1	3
CACAGATTCGGGAAAC-1	5
CACATGACAGATTGTC-1	1
CACATGAGTACCGGCT-1	1
CACATGAGTACGCAAG-1	6
CACATGAGTTTCGACA-1	4
CACATGATCAATTGGC-1	4
CACATGATCGAGGCTC-1	7
CACCACTAGGCCAATG-1	3
CACCACTAGGGATCCA-1	4
CACCACTCATTCGTCC-1	2
CACCACTTCAAACCAC-1	2
CACCTGTAGAGAAGCA-1	5
CACCTGTAGTGGGACT-1	2
CACCTGTCAACGTAGG-1	1
CACCTGTCAAGCAGGT-1	6
CACCTGTCAGAACTTC-1	2
CACCTGTGTACCCACG-1	1
CACCTGTGTAGGTGAC-1	3
CACCTGTTCAGGATCT-1	4
CACCTGTTCCTGACCT-1	1
CACCTGTTCGCATAAC-1	4
CACCTTGAGTACGACG-1	1
CACCTTGAGTGAGTTA-1	2
CACCTTGCAACGTCGC-1	1
CACCTTGCAAGACTAA-1	2
CACCTTGGTAAACGTA-1	5
CACCTTGGTCAGACGA-1	6
CACCTTGTCCCAGCAG-1	5
CACGTTCAGACCAATA-1	6
CACGTTCAGGGAGTTC-1	1
CACGTTCAGGGTAATT-1	2
CACGTTCCAAGTTCGT-1	1
CACGTTCCAATAGCGG-1	3
CACGTTCCACTCCCAT-1	5
CACGTTCGTCGCGCTA-1	2
CACGTTCGTGCGTGTC-1	7
CACGTTCGTGGTCGAA-1	2
CACGTTCGTTTAGGAA-1	5
CACGTTCTCCATTGAG-1	6
CACGTTCTCGTGTGCG-1	1
CACTAAGAGGAATGGA-1	6
CACTAAGAGGCTTAAA-1	2
CACTAAGAGTAATCAG-1	1
CACTAAGAGTCCGTGC-1	4
CACTAAGAGTGCAACG-1	1
CACTAAGCAAGGATGC-1	1
CACTAAGCACGGTTAT-1	6
CACTAAGCACTTGCGG-1	4
CACTAAGCATGCTATG-1	1
CACTAAGGTAGCCATT-1	6
CACTAAGTCAATGCAC-1	1
CACTAAGTCGCAACTA-1	1
CACTGAAAGAGGTGGG-1	6
CACTGAAAGGTCCTCG-1	3
CACTGAACAATGACTC-1	3
CACTGAACAGTTGCAT-1	2
CACTGAAGTGCTTTGA-1	1
CACTGAATCCGGGCAT-1	1
CAGCCTTAGTACAACA-1	6
CAGCCTTAGTATAGTG-1	1
CAGCCTTAGTGATTAG-1	7
CAGCCTTAGTGTCACT-1	1
CAGCCTTAGTTATGAG-1	1
CAGCCTTGTACCCACG-1	6
CAGCCTTGTCATAGCT-1	4
CAGCCTTGTGAGTTGG-1	1
CAGCCTTTCAACTTGG-1	1
CAGCCTTTCCACGCTT-1	5
CAGCTAAAGGAGTACC-1	4
CAGCTAAAGGCGTAGT-1	5
CAGCTAAAGGTACACG-1	3
CAGCTAAAGTTCAGGG-1	4
CAGCTAACAACGCAAG-1	4
CAGCTAACACATCATG-1	8
CAGCTAAGTAATGTGA-1	1
CAGCTAAGTACAAGCG-1	2
CAGCTAAGTACTTGAC-1	1
CAGCTAAGTCTGGGAA-1	2
CAGCTAAGTCTGGGCT-1	4
CAGCTAAGTGGATTCT-1	1
CAGCTGGAGCTAGTTC-1	4
CAGCTGGAGGTTTCTG-1	7
CAGCTGGAGTTCAAGA-1	1
CAGCTGGCAGCTATAC-1	1
CAGCTGGGTCAATACC-1	1
CAGCTGGGTGACCAGA-1	1
CAGCTGGGTGATGCGA-1	2
CAGCTGGTCACTACCC-1	3
CAGCTGGTCTCTGCGT-1	1
CAGCTGGTCTGGGCGT-1	1
CAGGATTAGCCTTTGA-1	3
CAGGATTAGTTAGCGG-1	2
CAGGATTCAAATTCCG-1	1
CAGGATTCACGCTGTG-1	2
CAGGATTCAGGACCTC-1	1
CAGGATTGTACTAGAA-1	4
CAGGATTGTCACAGGA-1	1
CAGGATTTCATTCATC-1	3
CAGGATTTCCAAACCA-1	2
CAGGATTTCGTGAGTT-1	3
CAGGGCTAGCCATGGA-1	6
CAGGGCTCATACCCGG-1	3
CAGGGCTGTAGTCCAT-1	1
CAGGGCTGTCATAGAA-1	5
CAGGGCTGTGAATCAA-1	1
CAGGGCTTCTCATCCG-1	8
CAGGGCTTCTTACCTA-1	1
CAGTATGAGGCCAATG-1	2
CAGTATGCAAACAGTA-1	2
CAGTATGCAAGGGAGG-1	2
CAGTATGGTACAAGCG-1	2
CAGTATGTCAGGCGCT-1	4
CAGTATGTCGAGTGTT-1	1
CAGTATGTCGTGGAAG-1	1
CAGTGCGAGAAGGGCG-1	4
CAGTGCGAGAGCAGCT-1	1
CAGTGCGAGCCATGGA-1	1
CAGTGCGAGGTGAACC-1	3
CAGTGCGAGTTACCAC-1	3
CAGTGCGCAAACCCTA-1	2
CAGTGCGCATCATCGA-1	1
CAGTGCGGTCGCTACG-1	4
CAGTGCGGTTGGCTTA-1	3
CAGTGCGTCAGAGTGG-1	3
CAGTGCGTCGAGAAGC-1	2
CAGTGTAAGACGAAAG-1	5
CAGTGTAAGCATTGGG-1	1
CAGTGTAAGGACTAGC-1	1
CAGTGTACAAACAGTA-1	1
CAGTGTAGTAGCGTTT-1	2
CAGTGTAGTGATTCCA-1	3
CATAACGAGGAACCGT-1	6
CATAACGCATAGCCAT-1	2
CATAACGCATCCTCGT-1	5
CATAACGCATGCTATG-1	1
CATAACGGTAACGGTG-1	1
CATAACGGTGGTACTT-1	3
CATAACGGTTTAGGAA-1	4
CATAACGGTTTGCCCT-1	1
CATAACGTCCAGTTAG-1	2
CATAACGTCTTAATCC-1	1
CATGCCTAGAGGAATG-1	2
CATGCCTAGTTCCAGT-1	1
CATGCCTCAGAACAGC-1	1
CATGCCTCAGAGATGC-1	1
CATGCCTCATCGAGTT-1	1
CATGCCTGTAATGCAA-1	3
CATGCCTGTCGATTAC-1	6
CATGCCTGTGTCCTTC-1	2
CATGCCTGTTCAGAAA-1	1
CATGCCTGTTTAGAAG-1	4
CATGCCTTCAAGAGAT-1	1
CATGCCTTCCATCGAA-1	3
CATGTTTAGCGAGAAA-1	4
CATGTTTCACCGAATT-1	4
CATGTTTCAGGCATCC-1	2
CATGTTTCATCCCTCA-1	1
CATGTTTGTATGGATA-1	1
CATGTTTGTGTCCAGC-1	2
CATGTTTTCTACATCT-1	1
CATTCATCACGCTCAG-1	2
CATTCATCATCTCACC-1	1
CATTCATGTTTCCTAT-1	5
CATTCATTCCTTCGAC-1	1
CATTCATTCTTACCTA-1	5
CATTCCGAGAGTAAGG-1	2
CATTCCGAGTCCGTGC-1	6
CATTCCGAGTTGACAA-1	7
CATTCCGCACTCCACT-1	1
CATTCCGGTGATAGAT-1	5
CATTCCGGTTTCTACT-1	2
CATTCCGTCAAGGCCC-1	5
CATTCCGTCCATACCC-1	3
CATTCCGTCGATAGGG-1	1
CATTCCGTCGTTCTAT-1	1
CATTGGAAGTGATCTC-1	1
CATTGGACAAAGCTTC-1	1
CATTGGACAGAATGCG-1	5
CATTGGACATCCTGGG-1	4
CATTGGAGTAAGTCTC-1	2
CATTGGAGTATCGCGC-1	4
CATTGGAGTTGCAGAG-1	3
CATTGGATCACTAGGT-1	6
CATTGGATCATAGGTC-1	1
CATTGGATCCTCCAGT-1	2
CATTGGATCGATCGCG-1	5
CCAATGACAGAACTTC-1	8
CCAATGAGTACTTCAG-1	1
CCAATGAGTATTCGCA-1	8
CCAATGAGTGTCGTCG-1	2
CCAATGAGTTTGCATG-1	1
CCAATGATCAATTGGC-1	1
CCAATGATCGTGGAAG-1	1
CCACAGGAGGGCGAAG-1	1
CCACAGGAGGTTGACG-1	5
CCACAGGAGTAGACCG-1	1
CCACAGGAGTCGGGAT-1	7
CCACAGGCAAACCTAC-1	2
CCACAGGCAGGCATCC-1	2
CCACAGGGTCAAGACG-1	6
CCACAGGGTGATGCGA-1	2
CCACAGGGTGCCCGAT-1	1
CCACAGGGTTTGCCAA-1	1
CCACGTTAGGGTCCCT-1	8
CCACGTTTCCATGTTT-1	6
CCACGTTTCGCAGATT-1	1
CCACGTTTCGGGAATG-1	8
CCAGAATAGAGGAAGT-1	2
CCAGAATAGGCACTAG-1	1
CCAGAATCAATGGTCT-1	1
CCAGAATCAGTCAGAG-1	5
CCAGAATGTAGTACAA-1	1
CCAGAATGTATCGCGC-1	1
CCAGAATGTCTCGGGT-1	1
CCAGAATGTGCTGAAG-1	7
CCAGAATTCCAACGCG-1	5
CCAGATAAGGTCACTT-1	1
CCAGATAAGTAATGTG-1	6
CCAGATAAGTCGACCC-1	1
CCAGATACAATTCTCT-1	3
CCAGATATCATTCTTG-1	7
CCAGATATCTGTCGGG-1	1
CCATACCAGAGGTCCA-1	3
CCATACCAGATAGGTT-1	1
CCATACCAGGGTAATT-1	3
CCATACCCAGAGCCAA-1	6
CCATACCCATTTAGGC-1	7
CCATACCGTACTTCAG-1	4
CCATACCGTCCCTAAA-1	4
CCATACCTCAATGCAC-1	2
CCATACCTCCAATAGC-1	1
CCCACATAGCATTGGG-1	3
CCCACATAGGGTCCCT-1	8
CCCACATCAATCCATG-1	7
CCCACATCACACACAT-1	2
CCCACATCATCCGTGG-1	5
CCCACATGTTCATTTC-1	5
CCCACATGTTTCAGCA-1	1
CCCACATGTTTGTAGC-1	5
CCCACATTCGCGTTCT-1	3
CCCACATTCGTCCCTA-1	2
CCCAGAGAGAGAGTTT-1	4
CCCAGAGAGCATTCCA-1	4
CCCAGAGAGGCAGATC-1	2
CCCAGAGAGTCAACTC-1	2
CCCAGAGCACGTACAT-1	1
CCCAGAGGTATCTGCA-1	4
CCCAGAGGTCCAAGAG-1	2
CCCAGAGGTTCTGAAC-1	1
CCCAGAGTCACCCGGA-1	1
CCCGTTAAGAAGCCGT-1	2
CCCGTTAAGCAGAAAG-1	1
CCCGTTAAGTAACTCC-1	2
CCCGTTACAACTCAAC-1	7
CCCGTTAGTCAATACC-1	1
CCCGTTAGTCACCGCA-1	4
CCCGTTAGTGATTCCA-1	2
CCCGTTAGTTAACCGT-1	2
CCCGTTAGTTACGCTA-1	4
CCCGTTATCAAGGCAG-1	3
CCCGTTATCTCTTAAC-1	1
CCCTAACGTCCACCAG-1	2
CCCTAACTCAGGTCTA-1	1
CCCTAGTCAACTGCGC-1	3
CCCTAGTCAAGCCCTG-1	5
CCCTAGTCACGCGCAT-1	2
CCCTAGTGTCGAGAAC-1	3
CCCTAGTGTGAGGGTT-1	1
CCCTAGTTCGGCTATA-1	2
CCCTCTCAGGCCTCTG-1	1
CCCTCTCAGTAGCAAT-1	1
CCCTCTCAGTCTGGGA-1	6
CCCTCTCGTCGATTAC-1	2
CCCTCTCGTTACTACG-1	3
CCCTCTCGTTATCGAC-1	1
CCCTCTCTCTCCACTG-1	6
CCCTGATCAATGTAAG-1	1
CCCTGATCATACTGCA-1	5
CCCTGATTCCAACCTC-1	7
CCCTGATTCCGATTGA-1	1
CCCTGATTCTGAAAGA-1	1
CCGAAGCCAACCTCCT-1	1
CCGAAGCCAATGGCAG-1	2
CCGAAGCCACTAGCCG-1	7
CCGAAGCCACTGATTG-1	7
CCGAAGCGTCATTGGT-1	3
CCGAAGCGTCTCTGGG-1	2
CCGCATTAGCTACGTT-1	5
CCGCATTGTGTTTCTT-1	4
CCGCATTGTTGGAGGT-1	1
CCGCATTTCCAATAGC-1	4
CCGCATTTCTCTGACC-1	6
CCGTACTAGAGTAAGG-1	4
CCGTACTAGCAACGGT-1	1
CCGTACTAGTGCTCGC-1	1
CCGTACTCAAGAGATT-1	7
CCGTACTCAAGCCCTG-1	3
CCGTACTCACAGTTCA-1	1
CCGTACTGTCATTGGT-1	1
CCGTACTGTGGTAGAC-1	1
CCGTACTGTTTGAAGA-1	1
CCGTACTTCGATGCAT-1	6
CCGTAGGAGATGAGGA-1	8
CCGTAGGAGTAGACCG-1	1
CCGTAGGAGTTTACGC-1	2
CCGTAGGCAAGGAACC-1	5
CCGTAGGCAAGGACCA-1	1
CCGTAGGCACTGTCGG-1	2
CCGTAGGGTCTCAAAC-1	1
CCGTAGGGTGCTTCCT-1	4
CCGTAGGTCAGAGTGG-1	3
CCGTAGGTCCTTCGAC-1	3
CCGTAGGTCGATCTTT-1	2
CCGTAGGTCGATGTGT-1	1
CCGTAGGTCGGCTATA-1	7
CCGTAGGTCTCTATTG-1	1
CCGTGAGAGAGGTGGG-1	1
CCGTGAGAGCAGGAGG-1	1
CCGTGAGAGGCGATTG-1	6
CCGTGAGCAACGAGGT-1	4
CCGTGAGCACAGAAGC-1	2
CCGTGAGCACATCATG-1	6
CCGTGAGGTAGACACG-1	1
CCGTGAGGTGAGTAAT-1	2
CCGTGAGGTGCAAGAC-1	2
CCGTGAGTCGCAAGCC-1	1
CCTAAAGAGAACGTTA-1	5
CCTAAAGAGACACAAT-1	8
CCTAAAGAGAGAAGCA-1	1
CCTAAAGAGCTCGTTA-1	2
CCTAAAGAGGCAGTAC-1	1
CCTAAAGAGGCATGCA-1	1
CCTAAAGAGGGTAATT-1	1
CCTAAAGAGGTCTTTG-1	1
CCTAAAGGTATCATGC-1	1
CCTAAAGGTGGACAGT-1	1
CCTAAAGTCTTACGGA-1	1
CCTAAAGTCTTATCAC-1	1
CCTATTAAGAACGTCG-1	4
CCTATTAAGACGACTG-1	5
CCTATTACATCCGTGG-1	4
CCTATTAGTTACGCTA-1	1
CCTATTAGTTTCCGGG-1	1
CCTATTATCACGTCAA-1	1
CCTCCCTAGACTAGGC-1	1
CCTCCCTAGCGAATAT-1	3
CCTCCCTAGCGTTGCC-1	3
CCTCCCTCAATGGCTT-1	2
CCTCCCTCAGAAGTGC-1	5
CCTCCCTCAGGTAGCA-1	3
CCTCCCTCATCGCTAA-1	4
CCTCCCTGTACAAGCG-1	2
CCTCCCTGTTATAGAG-1	3
CCTCCCTTCCGTACGG-1	2
CCTGCTAAGGAAACTT-1	1
CCTGCTACACGTACAT-1	3
CCTGCTAGTAACAATG-1	5
CCTGCTATCGCCGAAC-1	1
CCTGCTATCGCTTGAA-1	1
CCTGGGACAGCGTGAA-1	4
CCTGGGAGTACGTATC-1	5
CCTGGGATCGGGTCCA-1	1
CCTTAATAGAGAACCC-1	6
CCTTAATAGCGTAGCA-1	6
CCTTAATAGTAACTCC-1	2
CCTTAATAGTAGTTCC-1	4
CCTTAATCAAAGGAAG-1	8
CCTTAATCAGAAAGAG-1	2
CCTTAATCAGGCATCC-1	1
CCTTAATCAGGTCCTG-1	2
CCTTAATGTAGGTAAT-1	1
CCTTAATGTCACCCGA-1	1
CCTTGCAAGCGCATTT-1	5
CCTTGCACAATCATCG-1	3
CCTTGCAGTGCACTTA-1	1
CCTTGCAGTTAACCAC-1	1
CCTTGCATCCAACGCG-1	1
CCTTGCATCCTAAGTG-1	1
CCTTGCATCGGATGTT-1	6
CCTTGGTAGGGACGTT-1	4
CCTTGGTAGTGCACAG-1	5
CCTTGGTCAAAGCTGG-1	6
CGAGTTAAGCTTCAAC-1	1
CGAGTTAAGGATTAAC-1	4
CGAGTTACACGCTGTG-1	3
CGAGTTACACTACACA-1	1
CGAGTTACATACCCGG-1	1
CGAGTTAGTTTGACCA-1	1
CGAGTTAGTTTGTGAC-1	1
CGAGTTATCCCTAAAG-1	1
CGATGATAGAACCCGA-1	1
CGATGATAGGGTCCCT-1	6
CGATGATAGGTTCGAG-1	2
CGATGATAGTTTGGAA-1	1
CGATGATCAGAGAGAA-1	2
CGATGATGTACGGTTT-1	3
CGCAATAAGAGCTCCC-1	5
CGCAATAAGAGCTGTG-1	4
CGCAATAAGCATGATA-1	6
CGCAATACAGCGCGTT-1	2
CGCAATATCAGGCGCT-1	5
CGCAATATCCGCTCTA-1	4
CGCACAGAGATAGGTT-1	3
CGCACAGAGATGTTCC-1	1
CGCACAGCACGTTGTA-1	1
CGCACAGCAGCGTACC-1	3
CGCACAGCATCACAAC-1	2
CGCACAGCATGGGACA-1	2
CGCACAGCATTTGGTG-1	4
CGCACAGGTACCCACG-1	3
CGCACAGGTGATGTGG-1	1
CGCACAGTCTCTTAAC-1	6
CGCAGGTCAACCTCTC-1	6
CGCAGGTCATTCACGA-1	4
CGCAGGTGTACTTCGA-1	5
CGCAGGTGTCCCTTTG-1	1
CGCAGGTTCGTGGGTC-1	1
CGCAGGTTCTATAGGC-1	5
CGCGCAAAGACTCTTG-1	6
CGCGCAAAGGTTCTCA-1	1
CGCGCAAAGTCACGCC-1	1
CGCGCAAAGTCTAGAA-1	1
CGCGCAAAGTTGAATG-1	1
CGCGCAAGTACGTAAA-1	1
CGCGCAAGTGATAAGT-1	5
CGCGCAAGTGTCCAGC-1	5
CGCGCAAGTGTCGTCG-1	4
CGCGCAAGTTTGCCAA-1	6
CGCGCAATCTGAACGT-1	7
CGCGCAATCTTCTTCC-1	5
CGCTAGGAGAGGAACA-1	6
CGCTAGGCAACGCAAG-1	2
CGCTAGGCACACATTG-1	2
CGCTAGGTCACACGTA-1	1
CGCTAGGTCCACGAGC-1	5
CGCTAGGTCCTCCCAA-1	4
CGCTAGGTCGGATCGC-1	8
CGCTAGGTCTTCATAC-1	7
CGCTATCCACTGAAGG-1	3
CGCTATCCATTACACG-1	6
CGCTATCGTATTCGAC-1	4
CGCTATCGTGCCAAGA-1	4
CGCTATCTCAATTCCT-1	3
CGCTGGAAGAATCAGT-1	1
CGCTGGAAGCGTCTGC-1	2
CGCTGGAAGGAGACTC-1	1
CGCTGGAAGGTTGACG-1	8
CGCTGGAAGTAACTCC-1	2
CGCTGGAAGTGCTGAG-1	4
CGCTGGAAGTTCGTTG-1	2
CGCTGGACAATTCTCT-1	2
CGCTGGACACAGCCAC-1	5
CGCTGGAGTACGGAGT-1	1
CGCTGGAGTCCCGTGA-1	1
CGCTGGAGTGTCTACA-1	4
CGGACCAAGAAATCTG-1	1
CGGACCAAGAACCATA-1	7
CGGACCAAGACGTCAG-1	1
CGGACCAAGGGATCCA-1	4
CGGACCACAACTTGGT-1	1
CGGACCACAAGTCTCA-1	2
CGGACCACACCCATCT-1	2
CGGACCAGTAAAGGCC-1	2
CGGACCAGTAACCGAG-1	1
CGGACCAGTGATAGAT-1	2
CGGACCAGTTGGCTTA-1	7
CGGACCATCCATTGAG-1	1
CGGACCATCCCACTAC-1	6
CGGACCATCCGAGAGA-1	5
CGGACCATCGATGCAT-1	2
CGGACCATCTTACCTA-1	4
CGGACTGAGGACTAGC-1	4
CGGACTGAGTCATACC-1	2
CGGACTGCACCTGTGG-1	2
CGGACTGGTCTGGTCG-1	3
CGGACTGGTCTGTGTA-1	3
CGGACTGGTTGGCGAA-1	3
CGGACTGTCCTTACGC-1	1
CGGACTGTCGCATAAC-1	4
CGGACTGTCGGGAAAC-1	4
CGGACTGTCGTCTTAT-1	1
CGGACTGTCTTCGTTA-1	1
CGGTGCAAGACCATAA-1	5
CGGTGCACATGGGTGA-1	3
CGGTGCATCGCAAACT-1	2
CGGTGCATCGGTTCCT-1	1
CGTAAACAGAGACTCG-1	7
CGTAAACCAGAGTCGA-1	6
CGTAAACCAGATGGCA-1	2
CGTAAACCAGCTATAC-1	5
CGTAAACGTAACGGCA-1	5
CGTAAACGTCGTAATC-1	3
CGTAAACTCAAATGGA-1	1
CGTAAACTCAAGAGAT-1	6
CGTAAACTCGGATAAA-1	4
CGTACAAAGTCGTATC-1	4
CGTACAAAGTTACCAC-1	2
CGTACAACAAAGGTCG-1	1
CGTACAACATTCTTTG-1	1
CGTACAAGTACAAATG-1	4
CGTACAAGTACGAGAC-1	1
CGTACAAGTGTGAGGT-1	7
CGTACAAGTTCAGTTG-1	3
CGTACAATCACACGTA-1	2
CGTACAATCCGTTTCG-1	3
CGTACAATCGCTATTT-1	3
CGTACAATCTCTATCA-1	1
CGTGGCAAGCTCCGGT-1	4
CGTGGCACAACGTAGG-1	4
CGTGGCACAACTGCGC-1	1
CGTGGCACATTTCACT-1	2
CGTGGCATCACCCGGA-1	1
CGTTCCAAGATTGACA-1	2
CGTTCCAAGGGAAGCG-1	1
CGTTCCACATCCCAAA-1	4
CGTTCCAGTATTGTGC-1	5
CGTTCCAGTTACGCTA-1	6
CGTTCCATCACCCTTG-1	2
CGTTCCATCAGTCACA-1	5
CGTTCCATCCTATCAT-1	4
CGTTCCATCGGTCCGA-1	2
CGTTCCATCTGTAGAC-1	1
CTAACTTAGATGTTCC-1	2
CTAACTTCAACTCGAT-1	5
CTAACTTCAAGTCCTA-1	7
CTAACTTCAGTAACGG-1	2
CTAACTTGTTCTTATC-1	1
CTAACTTTCCTTTGAT-1	5
CTACAGAAGAAGCCGT-1	2
CTACAGAAGCGAGAAA-1	4
CTACAGAAGTCCAGAG-1	7
CTACAGACAATTGTGC-1	3
CTACAGACAGAGTCGA-1	3
CTACAGAGTAGCCATT-1	1
CTACAGATCCTTCGAC-1	2
CTACAGATCTGTTGCC-1	6
CTACTTAAGATTCCGT-1	1
CTACTTACAATGTGTC-1	3
CTACTTACACTAGCCG-1	8
CTACTTACATGGCCGT-1	3
CTACTTAGTAACATAG-1	6
CTACTTAGTACCGGCT-1	1
CTACTTATCCAACAAC-1	5
CTAGCGGAGAGCAGCT-1	3
CTAGCGGAGCACACCC-1	1
CTAGCGGAGCTTTCCC-1	4
CTAGCGGAGTCGGGAT-1	4
CTAGCGGAGTGCTCGC-1	3
CTAGCGGCAACGTCGC-1	1
CTAGCGGCACAGTTCA-1	4
CTAGCGGGTAGATTAG-1	6
CTAGCGGGTTAAGTCC-1	7
CTAGCGGTCCGAATTG-1	3
CTAGCGGTCGTGCTGG-1	4
CTAGCGGTCGTGGTAT-1	1
CTAGGATCAAAGAAGG-1	8
CTAGGATGTGCCCTAG-1	4
CTAGGATGTTCCAGTA-1	1
CTAGGATGTTGAATAG-1	3
CTAGGATTCAAACCCA-1	1
CTAGGGCCAAGCCCTG-1	5
CTAGGGCGTACTATGC-1	1
CTAGGGCGTGCATTGT-1	2
CTAGGGCTCAGGAAGC-1	1
CTAGGGCTCAGTACAC-1	2
CTAGGGCTCCATAACG-1	3
CTAGGGCTCGTTCTAT-1	6
CTAGGGCTCTCGCGGA-1	1
CTCAACCCAAACCTAC-1	2
CTCAACCCACCTCGTT-1	2
CTCAACCGTCAAGACG-1	2
CTCAACCTCCTAGAGT-1	4
CTCAACCTCTAAGGTC-1	6
CTCACCAAGGCTTAAA-1	1
CTCACCAAGGTGTTGG-1	1
CTCACCACAACGTACT-1	2
CTCACCACACGTGAAG-1	1
CTCACCACACTTGCGG-1	2
CTCACCACAGCAACGA-1	2
CTCACCACAGGTTATC-1	1
CTCACCACAGTAACTC-1	6
CTCACCACATTACTTC-1	4
CTCACCAGTACCAAGG-1	3
CTCACCAGTATCCTTT-1	8
CTCACCAGTCAACTGT-1	1
CTCACCAGTCATAGCT-1	1
CTCACCATCCAGCACG-1	3
CTCACCATCGATGAAA-1	1
CTCACCATCTTGGCCT-1	1
CTCAGAAAGAAATCTG-1	1
CTCAGAAAGTAGACCG-1	2
CTCAGAAAGTCCGGAA-1	1
CTCAGAACAAAGCTTC-1	2
CTCAGAACAGATACAA-1	1
CTCAGAACATCTCTCG-1	1
CTCAGAACATGTATCG-1	1
CTCAGAACATTAGCAC-1	1
CTCAGAAGTCACAGGA-1	6
CTCAGAATCAGTAGTC-1	1
CTCAGAATCATGCTTT-1	1
CTCAGAATCCGCTCTA-1	4
CTCAGAATCGCAGATT-1	7
CTCAGCTAGTTATGAG-1	4
CTCAGCTCAACTCAAC-1	6
CTCAGCTCAATAGCGG-1	1
CTCAGCTTCTGTTGCC-1	1
CTCATGCAGGTGTTGG-1	5
CTCATGCAGTTTACGC-1	8
CTCATGCCACCTGAAT-1	5
CTCATGCGTATTCGAC-1	7
CTCATGCGTCAACTAC-1	4
CTCATGCGTCATGAGG-1	4
CTCATGCGTTGGCTTA-1	1
CTCATGCTCACGTCAA-1	5
CTCATGCTCTCTATTG-1	1
CTCCCAAAGTCTAGAA-1	1
CTCCCAACAAACCGAG-1	1
CTCCCAAGTAACTCCA-1	6
CTCCCAAGTCCCTTTG-1	1
CTCCCAAGTCCTCAGG-1	1
CTCCCAAGTGCATTCA-1	1
CTCCCAAGTGTTAGAA-1	4
CTCCCAATCGCTCGGA-1	2
CTCGCTAAGTTTGGAA-1	2
CTCGCTACAACAACTC-1	4
CTCGCTACACCCTTAC-1	1
CTCGCTACATTAGCAC-1	1
CTCTACGAGGTAGGAA-1	1
CTCTACGCACACATGT-1	8
CTCTACGCATCTGCAA-1	2
CTCTACGGTCTCAAAC-1	5
CTCTACGGTTATGCAC-1	1
CTCTACGTCGTTGTAG-1	7
CTCTAGCAGGTAAGTT-1	3
CTCTAGCCAGTAAGCG-1	6
CTCTAGCCATAGTCCA-1	1
CTCTAGCCATTACTCT-1	5
CTCTAGCTCAGGTCTA-1	1
CTCTAGCTCCAGGGAA-1	2
CTCTCAGAGACACTTC-1	1
CTCTCAGAGAGTAAGG-1	2
CTCTCAGCACATGATC-1	1
CTCTCAGCAGGGTACA-1	1
CTCTCAGTCCGTTAGA-1	1
CTCTCAGTCGGATCGC-1	4
CTCTCGAAGATTACGA-1	1
CTCTCGAAGGATGTAT-1	1
CTCTCGATCAGGTCTA-1	3
CTCTCGATCAGTAGTC-1	4
CTCTCGATCCACGAGC-1	1
CTCTCGATCGGCAATT-1	2
CTGAATGAGAACCCGA-1	5
CTGAATGAGACTTCCA-1	8
CTGAATGAGGATTGAT-1	8
CTGAATGCAGCAATGG-1	3
CTGAATGGTGAGTAAT-1	3
CTGAATGGTTTCAGCA-1	1
CTGAATGTCCTTGACC-1	1
CTGAATGTCGCTTGAA-1	1
CTGCGTTAGAGAAGCA-1	6
CTGCGTTAGAGCCACA-1	7
CTGCGTTCACACATGT-1	4
CTGCGTTGTACCTATG-1	1
CTGCGTTGTATCTAGC-1	4
CTGCGTTTCATGTTCT-1	2
CTGCGTTTCCTATCCG-1	7
CTGCGTTTCTAGCTGA-1	1
CTGCTCAAGACAGCTG-1	4
CTGCTCAAGCAGAATT-1	5
CTGCTCAAGTCAGGAC-1	1
CTGCTCACACTCGTGG-1	6
CTGCTCACATGACTGT-1	1
CTGCTCAGTACGGAGT-1	7
CTGCTCATCATTCTCA-1	2
CTGCTCATCGAGGTCC-1	7
CTGGCAGAGTCCGTGC-1	3
CTGGCAGGTAAGGTCG-1	2
CTGGCAGGTTTCTACT-1	1
CTGGCAGTCGGATAGG-1	2
CTGGGACAGAATAGTC-1	6
CTGGGACGTTTCCGGG-1	4
CTGGGACTCCCAATAG-1	1
CTGGGACTCCTCCATG-1	1
CTGGGACTCTGTTTAC-1	5
CTGTATTAGATGGCAC-1	7
CTGTATTAGCAGAAAG-1	2
CTGTATTAGGAAGAAC-1	1
CTGTATTCAAGTCTCA-1	1
CTGTATTCAGGATGTG-1	4
CTGTATTCATCAGCTA-1	2
CTGTATTCATTAAGGA-1	4
CTGTATTGTGCTTGAT-1	5
CTGTATTGTTGGCTAT-1	1
CTGTATTTCAAGAGAT-1	1
CTGTATTTCATTCATC-1	2
CTGTATTTCTTAATCC-1	1
CTGTTCGAGATGTTCC-1	3
CTGTTCGAGTTCTCCC-1	1
CTGTTCGAGTTGTCCA-1	1
CTGTTCGCACTTGCGG-1	3
CTGTTCGCATCCCGGA-1	3
CTGTTCGGTATCACAC-1	4
CTGTTCGGTGCATCAT-1	1
CTGTTCGGTTACTACG-1	3
CTGTTCGTCGAGTTAC-1	2
CTTAATCAGGCATGCA-1	1
CTTAATCAGTCACACT-1	2
CTTAATCAGTCTAGAA-1	2
CTTAATCCAAGCCTTA-1	5
CTTAATCCATGATTGC-1	4
CTTAATCGTAACCCAT-1	6
CTTAATCTCGAGTGTT-1	6
CTTAATCTCGCAGATT-1	1
CTTAATCTCTGTAGAC-1	1
CTTCCAGAGAGTGGAA-1	1
CTTCCAGCACGCCGAT-1	5
CTTCCAGCATCGTACA-1	1
CTTCCAGGTAACGTAA-1	4
CTTCCAGGTACGGTTT-1	3
CTTCCAGTCAATCGTG-1	1
CTTCCAGTCGCTTCAC-1	1
CTTCCAGTCGGTAGGA-1	4
CTTCTAAAGCTGGAGT-1	2
CTTCTAACACAGTAGG-1	5
CTTCTAAGTGTCTCGG-1	5
CTTGAAGAGATGCGCA-1	2
CTTGAAGAGCACGTAG-1	1
CTTGAAGCATACTGCA-1	1
CTTGAAGGTATTCTTC-1	1
CTTGAAGGTGATAACA-1	5
CTTGAAGGTTAGGCTT-1	1
CTTGAAGGTTTCGATG-1	5
CTTGCCAAGGCGTAGT-1	7
CTTGCCAAGTAGGTCG-1	7
CTTGCCAAGTCTGCTA-1	2
CTTGCCACACAGGAAC-1	7
CTTGCCACAGAGTCGA-1	1
CTTGCCATCTCTTCTC-1	1
CTTGCTGAGAGAACCC-1	2
CTTGCTGCATAGACGG-1	2
CTTGCTGGTGGTAAGC-1	2
CTTGCTGTCCGATGCG-1	4
CTTGTCGAGGTTACAA-1	5
CTTGTCGCATACAACC-1	1
CTTGTCGGTGAAACAT-1	2
CTTGTCGGTGCCAAGA-1	1
CTTGTCGGTTGCAGAG-1	2
CTTGTCGTCACAAGCT-1	2
CTTGTCGTCAGTGTAC-1	1
CTTGTCGTCCATGTTT-1	1
CTTGTCGTCGGATCGC-1	7
CTTGTCGTCTCGACAA-1	2
CTTGTCGTCTGCGTCT-1	5
CTTTGCGAGTTGCCGC-1	5
CTTTGCGCAAGTAACA-1	1
CTTTGCGCACGTTACA-1	2
CTTTGCGGTGACCAGA-1	1
CTTTGCGGTTTCCGGG-1	2
CTTTGCGTCAACACGT-1	8
CTTTGCGTCACTGGTA-1	2
CTTTGCGTCGCAAGCC-1	2
CTTTGCGTCGGATGTT-1	1
CTTTGCGTCTAGCTGA-1	1
GAAACAAAGCATGATA-1	1
GAAACAACAAGACTTC-1	5
GAAACAACATACAACC-1	2
GAAACAAGTATTTGCG-1	4
GAAACAAGTCCATTGA-1	6
GAAACAAGTTATGCAC-1	5
GAAACAATCACTAGCA-1	1
GAAAGTAAGATCACCT-1	1
GAAAGTAAGGACTTTC-1	1
GAAAGTACAAGTTCGT-1	2
GAAAGTACACACACCG-1	1
GAAAGTAGTCTCTGGG-1	3
GAAAGTATCATCGCTC-1	2
GAAAGTATCGACTCGG-1	4
GAAATGAAGATGGGAA-1	4
GAAATGAAGTCAGGAC-1	1
GAAATGACAATCATCG-1	3
GAAATGACAGCGCGTT-1	3
GAAATGAGTAGTATCC-1	7
GAACCGCCAAGACACG-1	6
GAACCGCCACATTCTT-1	2
GAACCGCCATGCCTTC-1	2
GAACCGCGTATTCTCT-1	2
GAACCGCGTCCTATTT-1	1
GAACCTAAGAGGAACA-1	2
GAACCTAAGTATACGA-1	8
GAACCTACAAACGACG-1	1
GAACCTACAGATAAGT-1	2
GAACCTAGTATCACAC-1	2
GAACCTAGTGGACGAT-1	4
GAACCTAGTTCCCGGA-1	3
GAACGTTAGAACGTTA-1	2
GAACGTTAGAGCCTGA-1	1
GAACGTTAGTGAAACT-1	2
GAACGTTAGTTGACAA-1	3
GAACGTTCAAGCGAAC-1	1
GAACGTTCATGGATGG-1	1
GAACGTTCATGTGGGA-1	4
GAACGTTCATTAGCCA-1	1
GAACGTTGTCTCTAAG-1	1
GAACGTTGTGCTTGAT-1	5
GAACGTTTCCATTGAG-1	1
GAACGTTTCTAGCAGT-1	5
GAACTTGAGAAACGCC-1	3
GAACTTGAGGCAAGGG-1	2
GAACTTGAGGCTTCGC-1	3
GAACTTGAGTAGACCG-1	7
GAACTTGCAAACGTTC-1	7
GAACTTGCAAATTCCG-1	2
GAACTTGCAATTCAGC-1	1
GAACTTGCAGCACATT-1	2
GAACTTGCATTACACG-1	2
GAAGAGCAGACTAGCG-1	2
GAAGAGCAGTACAGTA-1	5
GAAGAGCCAAACAGTA-1	1
GAAGAGCCACCTGAAT-1	5
GAAGAGCCATTACTTC-1	1
GAAGAGCCATTAGCCA-1	4
GAAGAGCGTAAACCCT-1	1
GAAGAGCGTAGTAACA-1	3
GAAGAGCGTTTGCCAA-1	2
GAAGAGCTCGGATAGG-1	8
GAAGTCTAGTGCAACG-1	1
GAAGTCTCAGTTAAAG-1	7
GAAGTCTGTCAGAGTG-1	1
GAAGTCTGTGACGCAA-1	2
GAAGTCTGTTCGGGAA-1	2
GAAGTCTTCAAATGGA-1	1
GAAGTCTTCACGGGTC-1	7
GAAGTGGAGCTTACCA-1	6
GAAGTGGAGGGCTCTC-1	1
GAAGTGGCACCACAGC-1	1
GAAGTGGCATACCCGG-1	1
GAAGTGGGTACCGGCT-1	2
GAAGTGGGTCGAGGAT-1	2
GAAGTGGTCATTGCCC-1	1
GAAGTGGTCCCGTATC-1	6
GAAGTGGTCGCAAGCC-1	2
GAAGTGGTCTGAGTCA-1	6
GAATCTGAGACACAAT-1	3
GAATCTGAGATGAGGA-1	1
GAATCTGAGGACCGAT-1	3
GAATCTGCAAATTCCG-1	5
GAATCTGCAATGGTAA-1	5
GAATCTGGTAAGTGCG-1	1
GAATCTGGTAGCAGCA-1	1
GAATCTGGTCAAATCC-1	2
GAATCTGGTCGAGAAC-1	2
GAATCTGGTCTGGATT-1	2
GAATCTGTCAGGCCGT-1	3
GACCAATAGCAAGGTC-1	2
GACCAATAGCGTAGCA-1	3
GACCAATAGGAGGCGA-1	1
GACCAATCACAGATGG-1	1
GACCAATCACGCGACT-1	2
GACCAATCAGTAAGCG-1	4
GACCAATCATGCTATG-1	4
GACCAATCATTACCTT-1	2
GACCAATGTGTCCTTC-1	2
GACCCAGAGGATTGAT-1	3
GACCCAGCAACACGGA-1	6
GACCCAGCAGTCCTGG-1	1
GACCCAGCATCGTACA-1	1
GACCCAGGTACCCATA-1	5
GACCCAGGTGCAAGCA-1	8
GACCCAGTCTACTGCC-1	2
GACCCAGTCTTGTACT-1	1
GACCGACAGACCAATA-1	2
GACCGACCAACGACAG-1	1
GACCGACCACCTGGTG-1	2
GACCGACGTCCAGACC-1	2
GACCTTCCAAACGACG-1	1
GACCTTCCAACTTGGT-1	2
GACCTTCCAATCACTG-1	2
GACCTTCCACTCAAGT-1	1
GACCTTCCAGCAAACG-1	1
GACCTTCCAGCAATGG-1	3
GACCTTCGTAAACGAT-1	1
GACTAACAGTTGACAA-1	1
GACTAACCAAAGGCCA-1	1
GACTAACCAACGTCGC-1	1
GACTAACCAGTATCTG-1	1
GACTAACCATAGATAG-1	6
GACTAACGTAAACCCT-1	1
GACTAACGTACGAGAC-1	2
GACTAACGTTCTTAGG-1	1
GACTAACTCTTCCAGC-1	1
GACTAGTAGACTAATG-1	1
GACTAGTGTATGGTTC-1	3
GACTAGTGTCAGGCTC-1	2
GACTAGTGTTTAGGAA-1	3
GACTAGTTCGCGTGAC-1	4
GACTAGTTCGGGAATG-1	1
GACTAGTTCTTCTTCC-1	2
GAGAACGAGGCGATTG-1	5
GAGAACGCAATCATCG-1	6
GAGAACGCATCCTGGG-1	1
GAGAACGGTATCTCAG-1	1
GAGAACGGTTGTATCG-1	8
GAGAACGTCGATAGCT-1	6
GAGAACGTCGGTCAGC-1	1
GAGAACGTCTCTTAAC-1	1
GAGACTTCACAAGGGT-1	2
GAGACTTCACAGCTTA-1	7
GAGACTTCACCTGGTG-1	1
GAGACTTCAGCAACAG-1	1
GAGACTTCATCCATAG-1	3
GAGACTTGTGCAAGAC-1	2
GAGACTTGTTGGGAAC-1	2
GAGACTTTCCTTACGC-1	1
GAGACTTTCTGCTACC-1	3
GAGACTTTCTGGGCGT-1	7
GAGATTCCATTGATGC-1	1
GAGATTCGTCGATTAC-1	1
GAGATTCTCCCGATTC-1	1
GAGATTCTCGGCATAT-1	4
GAGATTCTCTCCTTAA-1	8
GAGCATTAGTCTGGGA-1	1
GAGCATTAGTGAGTGC-1	8
GAGCATTCACTAGCCG-1	1
GAGCATTCATCATGTG-1	1
GAGCATTGTGCGTCCA-1	1
GAGCATTGTTGCCGCA-1	7
GAGCATTTCAAACCAC-1	6
GAGCATTTCCTCCAGT-1	3
GAGCATTTCGCCACTT-1	3
GAGCGCTAGAACGTCG-1	3
GAGCGCTAGTCTCTAG-1	3
GAGCGCTCAAGCGTCC-1	2
GAGCGCTCACGTACAT-1	4
GAGCGCTCACTGGGCT-1	2
GAGCGCTCAGGCAAGT-1	2
GAGCGCTGTAGTCTGT-1	1
GAGCGCTGTCATAAGA-1	1
GAGCGCTTCACTCCCA-1	1
GAGCGCTTCCCTAAAG-1	6
GAGCGCTTCCTCCCAA-1	2
GAGCGCTTCGCGTTCT-1	3
GAGGATGAGGGTCCCT-1	1
GAGGATGCAAGCCTTA-1	6
GAGGATGCACCGTTGG-1	6
GAGGATGCAGATTTGC-1	2
GAGGATGCATGCCTTC-1	1
GAGGATGGTAACTCCA-1	4
GAGGATGGTCAGAGTG-1	4
GAGGATGGTCCCGTGA-1	3
GAGGATGGTCCGTAGC-1	1
GAGGATGTCGCCCTTA-1	1
GAGGATGTCTATACCT-1	4
GAGGCTCAGACTTCCA-1	1
GAGGCTCAGGCTTAAA-1	3
GAGGCTCCAATTGTGC-1	1
GAGGCTCCACGCTCAG-1	2
GAGGCTCGTATTCTGG-1	8
GAGGCTCGTCGATAGG-1	4
GAGGCTCGTTGGCTTA-1	1
GAGGCTCGTTTGCCAA-1	1
GAGGCTCTCCAAGAGG-1	1
GAGGCTCTCCGAGGAA-1	1
GAGGTCCAGAGGTACC-1	4
GAGGTCCAGCTACGCC-1	3
GAGGTCCAGGCTAAAT-1	1
GAGGTCCAGTCAACTC-1	2
GAGGTCCCATCTCACC-1	3
GAGGTCCCATGGCCCA-1	8
GAGGTCCGTAGAAAGG-1	5
GAGGTCCGTATCTCAG-1	4
GAGGTCCGTCAACTGT-1	3
GAGGTCCGTGAGCTAG-1	1
GAGGTCCGTTCTGAGT-1	8
GAGGTCCTCCGCTCTA-1	1
GAGGTCCTCTTGTACT-1	4
GAGTGAGAGAACTAAC-1	2
GAGTGAGAGTCACACT-1	2
GAGTGAGCAACGTCCG-1	1
GAGTGAGCACTCGGAC-1	5
GAGTGAGGTAACGTAA-1	2
GAGTGAGGTCAACTAC-1	1
GAGTGAGGTTATAGAG-1	1
GAGTGAGGTTGCCTGG-1	7
GAGTGAGTCAGTAGTC-1	1
GAGTGAGTCATAGGTC-1	7
GAGTGAGTCTATTGTC-1	4
GAGTGAGTCTGACTTT-1	2
GATCATGAGAATACTG-1	1
GATCATGCACTGATTG-1	3
GATCATGGTCCATTGA-1	1
GATCATGGTTAGAGAT-1	1
GATCATGGTTCTACGA-1	7
GATCGTAAGAATCAAC-1	4
GATCGTAAGCAGAGCT-1	1
GATCGTAAGGAGTCTG-1	2
GATCGTAAGTCAACTC-1	4
GATCGTAAGTGTAATG-1	2
GATCGTACAAGTAATG-1	3
GATCGTACAGATAAGT-1	1
GATCGTAGTAACCGAG-1	1
GATCGTAGTGAGTTGG-1	2
GATCGTATCCTGACCT-1	7
GATCGTATCGAGTTAC-1	6
GATCGTATCGCATACA-1	4
GATCGTATCGTGTGCG-1	5
GATGATCCAGGGAGTT-1	7
GATGATCCAGTATACC-1	3
GATGATCGTATGGATA-1	7
GATGATCGTCAGAAGC-1	1
GATGATCTCCAATCCC-1	1
GATGATCTCCACGGCA-1	1
GATGATCTCCCACTTG-1	1
GATGATCTCGGATAGG-1	3
GATGGCCAGGTCTTGT-1	1
GATGGCCCAATTGTGC-1	1
GATGGCCCAGGAGCAT-1	4
GATGGCCCAGGGAGTT-1	3
GATGGCCCATAGCCGC-1	6
GATGGCCCATCATGTG-1	2
GATGGCCGTAACGGAC-1	2
GATGGCCTCCAGAATC-1	1
GATTAGCAGCTGAGGT-1	8
GATTAGCAGTCTGTGT-1	8
GATTAGCCATGGATGG-1	8
GATTAGCCATTCACCC-1	1
GATTAGCGTAACTGAA-1	1
GATTAGCGTATCCTTT-1	1
GATTAGCGTTTGTCTT-1	1
GATTAGCTCACAAGCT-1	1
GATTAGCTCACATTCT-1	8
GATTAGCTCGCTTCAC-1	1
GATTGACAGCTTTCCC-1	1
GATTGACAGGGCTCTC-1	4
GATTGACAGGGTCCCT-1	1
GATTGACCAAAGGAAG-1	1
GATTGACGTAGAACGC-1	2
GATTGACGTGCTGAAG-1	3
GATTGACTCACTGGTA-1	2
GATTGACTCAGTCAAC-1	1
GCAAAGGAGTCCTTCC-1	1
GCAAAGGCAAACTACC-1	2
GCAAAGGCAGTAAGCG-1	4
GCAAAGGGTATGGATA-1	1
GCAAAGGGTCTAAAGA-1	2
GCAAAGGGTGAGTCGA-1	2
GCAAAGGGTGTTGTTG-1	3
GCAAAGGTCCTGGAAT-1	5
GCAAAGGTCTCGTGAA-1	2
GCAAAGGTCTGAAAGA-1	5
GCAACCGAGACTAGCG-1	1
GCAACCGCACAGATGG-1	2
GCAACCGCACTCGGAC-1	1
GCAACCGCAGGTGTGA-1	1
GCAACCGGTCATAGCT-1	3
GCAACCGGTGATGTGG-1	1
GCAACCGGTTTGAAGA-1	1
GCAACCGTCAGCCGGT-1	1
GCAACCGTCGCTCGGA-1	4
GCAACCGTCGGATGTT-1	6
GCAACCGTCGTGAACT-1	3
GCACCTTAGCCCATGC-1	3
GCACCTTAGGAGTAGA-1	1
GCACCTTAGTTGTCCA-1	1
GCACCTTCACTCGTGG-1	1
GCACCTTCACTTATGG-1	8
GCACCTTCAGCTGATT-1	2
GCACCTTCAGTGCGTC-1	2
GCACCTTGTACCCACG-1	5
GCACCTTGTAGTTTGC-1	7
GCACCTTGTCTGCGCA-1	1
GCACCTTGTGATAAGT-1	3
GCACCTTGTGATGCTT-1	3
GCACCTTGTGGTACTT-1	2
GCACCTTGTGTCCCAG-1	3
GCACGCAAGCATGTGG-1	4
GCACGCAAGCTGCCAC-1	1
GCACGCAAGGTTGACG-1	5
GCACGCACAGGGTACA-1	4
GCACGCAGTCTCTGGG-1	6
GCACGCAGTGCTTTGA-1	1
GCACGCATCGGGAAAC-1	1
GCACGCATCGGTAGGA-1	1
GCACGCATCTCTGACC-1	2
GCACGGTAGAGAGGTA-1	6
GCACGGTAGCGCACAA-1	2
GCACGGTAGGAGACTC-1	1
GCACGGTCAGATTAAG-1	2
GCACGGTGTAATGCCT-1	7
GCACGGTGTCTGAGCC-1	4
GCACGGTGTTCCATCC-1	5
GCAGATTAGAACGCCA-1	7
GCAGATTAGAAGGGCG-1	1
GCAGATTCAACGGACA-1	4
GCAGATTCATGGCCTG-1	4
GCAGATTGTCGTAGTT-1	2
GCAGATTGTCTCGGGT-1	6
GCAGATTGTCTGCACG-1	5
GCAGATTGTCTTAGCA-1	1
GCAGATTGTGAGGGTT-1	1
GCAGATTGTTGAAGCG-1	2
GCAGATTGTTTCAGCA-1	5
GCAGATTGTTTGATCG-1	5
GCAGATTTCACACGTA-1	3
GCAGATTTCGGTGATT-1	1
GCAGCCAAGTCCCGCA-1	2
GCAGCCACAGTGCGAA-1	6
GCAGCCACATTAAGGA-1	1
GCAGCCAGTCGTAGTT-1	6
GCAGCCAGTGATTCCA-1	2
GCAGCTGAGTGCAACG-1	2
GCAGCTGCACATAAAG-1	5
GCAGCTGCAGGCACAA-1	1
GCAGCTGCATTTAGGC-1	1
GCAGCTGTCGCCAGAC-1	3
GCAGCTGTCTATAGGC-1	6
GCAGCTGTCTGTTTAC-1	2
GCATGATAGAAATTCG-1	2
GCATGATAGTACGACG-1	1
GCATGATCAGACTAAA-1	2
GCATGATCATGATCGT-1	1
GCATGATGTAAGTGCG-1	1
GCATGATGTAGCAGGT-1	5
GCATGATGTATTCTGG-1	1
GCATGATGTCGAGGTA-1	1
GCATGATGTTCCAGTA-1	2
GCATGATTCCAGGTAT-1	1
GCATGATTCTGGCTAA-1	1
GCATTCCAGGTAAGTT-1	1
GCATTCCAGTAACTCC-1	2
GCATTCCAGTACAACA-1	5
GCATTCCCAACTCGTA-1	1
GCATTCCCAAGCCCTG-1	1
GCATTCCCATAGTCCA-1	3
GCATTCCGTAGCGTTT-1	1
GCATTCCGTGGTCGAA-1	2
GCATTCCTCCACTAGA-1	4
GCATTCCTCCGAGAGA-1	2
GCATTCCTCGGTGATT-1	5
GCATTGAAGAGAATTC-1	1
GCATTGAAGAGCACTG-1	6
GCATTGAAGCAGTAGC-1	1
GCATTGAAGCCATGGA-1	3
GCATTGAAGTCTTAGC-1	8
GCATTGAGTAAAGCTA-1	2
GCATTGAGTACGGTTT-1	1
GCATTGAGTGCGTCCA-1	4
GCATTGAGTTCTGATG-1	2
GCATTGATCAGCACGC-1	1
GCATTGATCAGGATCT-1	1
GCATTGATCGCACAAT-1	1
GCATTGATCTTATCAC-1	1
GCCAGACAGCGTTAGG-1	1
GCCAGACAGGCCTCTG-1	1
GCCAGACAGGCTTAAA-1	4
GCCAGACAGTTCAAGA-1	2
GCCAGACCATGGATGG-1	4
GCCAGACGTACCAAGG-1	2
GCCAGACGTAGTACAA-1	2
GCCAGACGTATCATGC-1	1
GCCAGACGTCCAACCG-1	1
GCCAGACTCGCTTACC-1	2
GCCAGACTCGTGATAC-1	2
GCCAGACTCGTTCCGT-1	2
GCCAGCAAGCTATCGT-1	1
GCCAGCAAGGAACCGT-1	4
GCCAGCAAGTGTAATG-1	1
GCCAGCACAAATAGTG-1	2
GCCAGCAGTCAAATCC-1	1
GCCAGCATCCTCATTA-1	1
GCCATAACAAAGGCCA-1	7
GCCATAACACAGTAGG-1	6
GCCATAAGTAAACGAT-1	2
GCCATAAGTACAACGG-1	6
GCCATAATCCCAGCGA-1	7
GCCATAATCCCAGTAA-1	2
GCCCAGAAGCTACGCC-1	8
GCCCAGAAGGTTACAA-1	4
GCCCAGACAGAATGCG-1	1
GCCCAGACATCCTGGG-1	3
GCCCAGACATTTAGGC-1	7
GCCCAGAGTCACCCGA-1	2
GCCCAGAGTTAGAGAT-1	1
GCCCAGATCGGCTATA-1	8
GCCCAGATCTGTTGCC-1	1
GCCCGAAAGACCAATA-1	3
GCCCGAAAGATATGAC-1	2
GCCCGAAAGGCACTAG-1	2
GCCCGAAGTACAACGG-1	1
GCCCGAAGTGATGTGG-1	1
GCCCGAAGTGGACAGT-1	2
GCCCGAATCAAAGTAG-1	3
GCCCGAATCCTAGAGT-1	1
GCCCGAATCCTGGAAT-1	2
GCCCGAATCTTCAGAG-1	1
GCCTACTAGTACGACG-1	6
GCCTACTCAAGGGTAC-1	1
GCCTACTCACGGTGTC-1	1
GCCTACTCATGGCCTG-1	1
GCCTACTGTAAAGCTA-1	3
GCCTACTGTAAGGTCG-1	4
GCCTAGGAGAATACTG-1	1
GCCTAGGAGCCTTTGA-1	3
GCCTAGGAGCTAGCAG-1	6
GCCTAGGAGGGTTCTT-1	3
GCCTAGGAGGTACTCT-1	1
GCCTAGGCAAGCAACG-1	8
GCCTAGGCACCACGAC-1	3
GCCTAGGCAGGCAAGT-1	1
GCCTAGGGTCGATTAC-1	1
GCCTAGGGTGATAAGT-1	1
GCCTAGGGTGGAGTGT-1	2
GCCTAGGGTTCTTTCA-1	7
GCCTAGGTCCGCTATC-1	6
GCCTAGGTCGCTTGAA-1	2
GCCTAGGTCGTGGAAG-1	6
GCGAGAAAGAGAATTC-1	5
GCGAGAAAGCTAGCAG-1	1
GCGAGAACAAAGCTTC-1	3
GCGAGAAGTAGAAGCC-1	1
GCGAGAAGTCCAAGTT-1	4
GCGAGAATCGCTTGAA-1	4
GCGAGAATCTACTTTG-1	3
GCGAGTCAGCCCATGC-1	3
GCGAGTCAGTACGCGA-1	2
GCGAGTCCATTGCCTC-1	1
GCGAGTCGTAGAAAGG-1	1
GCGATCGAGGAGTACC-1	8
GCGATCGCACCTCGTT-1	4
GCGATCGCACGTACAT-1	3
GCGATCGCACTTTGGA-1	1
GCGATCGGTCCGTCGA-1	3
GCGATCGGTGCGTTTA-1	6
GCGATCGGTGGTGGTA-1	2
GCGATCGGTTACGGAG-1	1
GCGATCGTCAGATACC-1	1
GCGATCGTCCGTTTCG-1	8
GCGATCGTCGACGGAA-1	6
GCGATCGTCGTATAGC-1	5
GCGATCGTCTGTTTAC-1	8
GCGATTAAGCAATGTA-1	4
GCGATTAAGGCCAATG-1	2
GCGATTAAGTGCAACG-1	4
GCGATTACACTCCCAT-1	2
GCGATTACAGTAACTC-1	4
GCGATTACATGCACTA-1	1
GCGATTATCACTGGTA-1	3
GCGATTATCCACGAGC-1	8
GCGATTATCTGGTACA-1	7
GCGATTATCTTCCAGC-1	4
GCGCATGAGTGATATG-1	2
GCGCATGCAAGACTTC-1	7
GCGCATGCATGCCCTT-1	5
GCGCATGCATTAAGGA-1	3
GCGCATGTCAGTTGAC-1	8
GCGCATGTCGATATGC-1	5
GCGCATGTCTGATCTT-1	4
GCGCCAAAGTGAAGGA-1	3
GCGCCAAAGTGAATAC-1	3
GCGCCAAAGTGCTAGG-1	1
GCGCCAACAAACCGAG-1	6
GCGCCAACAAATTGAG-1	4
GCGCCAACAGTAACGG-1	2
GCGCCAAGTATCCCTC-1	2
GCGGAAAAGACGTCAG-1	1
GCGGAAAAGCGAGCTA-1	1
GCGGAAAAGCTGAATA-1	5
GCGGAAAAGTGGGACT-1	6
GCGGAAACATCCGTAA-1	1
GCGGAAACATTAACGC-1	5
GCGGAAAGTGCCGGTT-1	1
GCGGAAATCAAAGTAG-1	1
GCGGGTTAGAAGACTT-1	1
GCGGGTTAGAGGTGGG-1	6
GCGGGTTGTAATGTAG-1	4
GCGGGTTGTACCCATA-1	2
GCGGGTTGTAGGTAAT-1	2
GCGGGTTGTCGCGCTA-1	2
GCGGGTTTCCGGGCAT-1	7
GCGGGTTTCTATCTAC-1	7
GCGGTGTCAATCAGGG-1	2
GCGGTGTGTAGCGGTA-1	4
GCGGTGTGTCGGCTGT-1	2
GCGGTGTGTTCAGTTG-1	2
GCGGTGTTCTGGCACG-1	4
GCGGTGTTCTGGCGCA-1	6
GCGTAGCAGCGGACAT-1	1
GCGTAGCCAGGTGTGA-1	6
GCGTAGCGTACGACCC-1	1
GCGTAGCGTGCGTAGA-1	1
GCGTAGCGTTTAGGAA-1	2
GCGTAGCTCAATTCCT-1	3
GCGTAGCTCATTCTTG-1	7
GCGTTGGAGATTAGAC-1	1
GCGTTGGCATCTCTCG-1	1
GCGTTGGGTACGCCCA-1	5
GCGTTGGGTCTGTTGA-1	1
GCGTTGGGTTGCAGCC-1	1
GCGTTGGTCGAGGTAG-1	1
GCGTTGGTCGCTCGGA-1	1
GCGTTGGTCTGTTTAC-1	1
GCGTTGGTCTTGTGCC-1	1
GCTCACTAGAGTGGAA-1	2
GCTCACTAGGGAGTTC-1	4
GCTCACTCAACGGACA-1	1
GCTCACTCACAGGTAG-1	5
GCTCACTCACATGATC-1	1
GCTCACTCATAGATAG-1	1
GCTCACTCATTACCTT-1	2
GCTCACTGTTTAGACC-1	1
GCTCACTTCCAGAGAG-1	5
GCTCACTTCTGATCCC-1	5
GCTCAGGCAGGGAGTT-1	6
GCTCAGGGTCTCGGGT-1	3
GCTCAGGTCCTTGACC-1	2
GCTCCTAAGCGAGCTA-1	2
GCTCCTAAGTATGCTC-1	2
GCTCCTACACGCTGTG-1	8
GCTCCTACACTGTCAA-1	1
GCTCCTAGTATGGTTC-1	8
GCTCCTAGTCTCTGGG-1	7
GCTCCTAGTGTACGCC-1	1
GCTCCTAGTTTCCGGG-1	4
GCTCGAGAGAGGCGGA-1	3
GCTCGAGAGCAGGAGG-1	5
GCTCGAGAGGTGTTGG-1	6
GCTCGAGAGGTTGTTC-1	2
GCTCGAGCATCGACGC-1	3
GCTCGAGGTACCGGCT-1	1
GCTCGAGGTATGTCCA-1	1
GCTCGAGTCTACCCGT-1	6
GCTCGAGTCTCGGCGA-1	3
GCTGAGCAGAATAGTC-1	1
GCTGAGCGTAGATTAG-1	8
GCTGAGCGTATCTGCA-1	2
GCTGAGCGTGCGTTTA-1	2
GCTGAGCGTGCTGTGC-1	2
GCTGAGCTCCACGCTT-1	3
GCTGCGAGTCTGGGAA-1	8
GCTGTTCGTACGTAGG-1	3
GCTGTTCGTGTGCGTC-1	6
GCTGTTCTCTCTTAAC-1	7
GCTTAAGAGAATAGTC-1	3
GCTTAAGAGAGGAATG-1	4
GCTTAAGAGCAGAAAG-1	2
GCTTAAGCAATAGCGG-1	2
GCTTAAGCACTTTGGA-1	4
GCTTAAGGTAGAACGC-1	1
GCTTAAGGTTTCGTTT-1	2
GCTTAAGTCTATCTAC-1	2
GCTTGCTAGGAGAACA-1	1
GCTTGCTCACCCTTTG-1	2
GCTTGCTCACTCAGCG-1	1
GCTTGCTGTCACATTG-1	7
GCTTGCTGTGTCTCGG-1	1
GCTTTCGAGGGTTCTT-1	1
GCTTTCGAGTATACGA-1	3
GCTTTCGCACTAAACC-1	1
GCTTTCGGTACGCCCA-1	1
GCTTTCGGTTTGCGAT-1	1
GCTTTCGTCCGAGAGA-1	2
GCTTTCGTCGCCCTTA-1	1
GGAACCCAGGCCTCGT-1	1
GGAACCCAGTTCAGGG-1	3
GGAACCCCAAATGTCC-1	3
GGAACCCCAGAGAGAA-1	4
GGAACCCCAGATTAAG-1	1
GGAACCCCATAGCCGC-1	1
GGAACCCGTGATGCGA-1	3
GGAACCCTCCCTATTA-1	2
GGAACCCTCGGAGTTT-1	1
GGAACCCTCTGGCGCA-1	8
GGAACTTAGCTAACAA-1	7
GGAACTTAGGTTCGAG-1	4
GGAACTTCATGCGTTA-1	4
GGAACTTCATTACTCT-1	4
GGAACTTGTGCGTTTA-1	2
GGAACTTGTTTCGACA-1	1
GGAACTTTCCACGGCA-1	4
GGAACTTTCGAGAAGC-1	2
GGAACTTTCGGGAAAC-1	2
GGAATCTAGGCACTAG-1	2
GGAATCTCACTCAGCG-1	1
GGAATCTCATAGAATG-1	3
GGAATCTTCCAGTACA-1	1
GGAATCTTCCGCGATG-1	1
GGAATCTTCGGTCTCT-1	7
GGACACCAGGAACCGT-1	2
GGACACCAGGATGCCA-1	2
GGACACCCAGCCGAAA-1	6
GGACACCGTCTTAGCA-1	1
GGACACCGTGGAAAGA-1	2
GGACACCTCCCTAAAG-1	1
GGAGAACCAATGAAAC-1	4
GGAGAACCACGAACGA-1	2
GGAGAACCATCCCTCA-1	3
GGAGAACCATCCCTTG-1	2
GGAGAACCATCCGTAA-1	2
GGAGAACCATTATGGC-1	1
GGAGAACGTACCCATA-1	7
GGAGAACTCTAGCAAC-1	6
GGAGGATAGTCGTGAG-1	8
GGAGGATAGTGGTGTG-1	1
GGAGGATCATCCTGGG-1	3
GGAGGATGTCCCTTTG-1	1
GGAGGATGTGCAAGCA-1	2
GGAGGATTCAGGTTTG-1	2
GGAGTAGAGAAGGGCG-1	6
GGAGTAGAGACCTATC-1	1
GGAGTAGAGCAGAAAG-1	1
GGAGTAGAGTGAGCAC-1	7
GGAGTAGAGTGAGTTA-1	7
GGAGTAGAGTTTGGAA-1	1
GGAGTAGCATGGCCGT-1	7
GGAGTAGCATGTATCG-1	4
GGAGTAGGTAACGGCA-1	1
GGAGTAGGTGCTTGAT-1	2
GGAGTAGTCACCCTTG-1	1
GGAGTAGTCCACCTAC-1	5
GGAGTAGTCCTGTAGA-1	1
GGATAGGCAAGCAACG-1	3
GGATAGGCAAGGAACC-1	3
GGATAGGGTCCAACCG-1	5
GGATAGGGTGTCGGTC-1	1
GGATAGGTCACGATTG-1	7
GGATAGGTCCATACGA-1	1
GGATAGGTCGTTCCGT-1	1
GGATGAGAGCGTTGCC-1	2
GGATGAGAGCTCGTTA-1	4
GGATGAGAGTTGCCGC-1	2
GGATGAGCAAGGAGGG-1	1
GGATGAGCACGCGACT-1	1
GGATGAGCATCCATAG-1	4
GGATGAGGTGGTGGTA-1	7
GGATGAGGTTGTATCG-1	3
GGCACGTAGCTTACCA-1	1
GGCACGTAGTGATAAC-1	2
GGCACGTCAAATGCTC-1	3
GGCACGTCATTGCACA-1	1
GGCACGTCATTGCCTC-1	1
GGCACGTTCAAATGGA-1	7
GGCACGTTCGACTGGC-1	6
GGCATTAAGGACTTTC-1	1
GGCATTACAGCAACGA-1	1
GGCATTAGTCATCAAC-1	2
GGCATTATCGTTGTAG-1	1
GGCATTATCTAGCAGT-1	2
GGCATTATCTAGTCGA-1	7
GGCGAAAAGAAACGCC-1	3
GGCGAAAAGAACCCGA-1	6
GGCGAAAAGAGGCCTA-1	1
GGCGAAAAGTTACACC-1	2
GGCGAAACATGCCCTT-1	2
GGCGAAAGTCCCGTGA-1	1
GGCGAAAGTGAATCGG-1	2
GGCGAAAGTGCTGTGC-1	2
GGCGAAATCACATTCT-1	4
GGCGAAATCCTTACGC-1	1
GGCGAAATCTGAACGT-1	1
GGCGTTGAGTTACACC-1	3
GGCGTTGCAAGAGATT-1	2
GGCGTTGCAGGCAGAT-1	5
GGCGTTGGTAGTCCAT-1	5
GGCGTTGGTCCGTAGC-1	2
GGCGTTGGTTTCAGCA-1	4
GGCGTTGTCCGAGGAA-1	4
GGCGTTGTCCGGAAAG-1	5
GGGAACAAGCCTGTAT-1	2
GGGAACAAGGAATGGA-1	7
GGGAACACAACTTGGT-1	3
GGGAACACATAGCCAT-1	1
GGGAACAGTAAACGAT-1	4
GGGAACAGTTGTATCG-1	3
GGGAACATCTCGTGAA-1	6
GGGAACATCTGGACAT-1	1
GGGACCTAGCAATAAC-1	4
GGGACCTAGTCATCTG-1	5
GGGACCTAGTTCCAGT-1	3
GGGACCTCAAACGTTC-1	5
GGGACCTCAGTTACAC-1	5
GGGACCTCATTAACGC-1	8
GGGACCTGTCAGGTGA-1	2
GGGACCTGTCTGGGCT-1	2
GGGACCTGTGAGTAAT-1	4
GGGACCTGTGCCAAGA-1	4
GGGACCTGTGCTTACA-1	1
GGGACCTGTGTCTCGG-1	7
GGGACCTTCCGAATTG-1	1
GGGACCTTCGCATAAC-1	5
GGGACCTTCTCATATC-1	1
GGGCCATAGACTAGGC-1	1
GGGCCATAGAGATTAC-1	7
GGGCCATAGATTGACA-1	1
GGGCCATAGTAACTCC-1	4
GGGCCATAGTGATCTC-1	3
GGGCCATAGTTCAGGG-1	1
GGGCCATCAAAGCTTC-1	2
GGGCCATCAAGCAGGT-1	7
GGGCCATCACTCGCAG-1	2
GGGCCATGTCACCGCA-1	1
GGGCCATGTGTCGTGC-1	7
GGGCCATGTTACGCTA-1	2
GGGCCATTCGATAGTC-1	4
GGGCCATTCGGTCTCT-1	3
GGGTCTGAGGAACCGT-1	1
GGGTCTGCAAGTAATG-1	1
GGGTCTGCACTTATGG-1	3
GGGTCTGGTAGAAAGG-1	1
GGGTCTGGTCAGAAAT-1	4
GGGTCTGGTTAGGAAT-1	7
GGGTCTGGTTTCCGGG-1	2
GGGTCTGTCACCGCGA-1	5
GGGTCTGTCGCGTTCT-1	4
GGGTCTGTCGGGTCCA-1	3
GGGTGTCCACCCTTAC-1	1
GGGTGTCCATAGGCGA-1	6
GGGTGTCCATTGTGAC-1	2
GGGTGTCGTACGAGAC-1	4
GGGTGTCGTGCAAAGC-1	1
GGGTGTCTCCTAAAGC-1	1
GGGTGTCTCGCACCTT-1	1
GGGTGTCTCTCTGTTA-1	3
GGGTTATAGGCTGGAT-1	2
GGGTTATCAATTAGGA-1	1
GGGTTATCACTCAAGT-1	4
GGGTTATTCCCAGTAA-1	7
GGTACCGAGATTAGAC-1	1
GGTACCGAGCCTCGCA-1	6
GGTACCGAGCGTAGCA-1	3
GGTACCGAGGTTCGTT-1	2
GGTACCGGTACTTCAG-1	1
GGTACCGTCGTTTGAG-1	3
GGTAGGACAGGAGCAT-1	2
GGTAGGACAGGTCCTG-1	1
GGTAGGAGTCCGTCGA-1	3
GGTAGGAGTCTGTGTA-1	2
GGTAGGAGTGTGACCC-1	1
GGTAGGATCCAAGTCA-1	5
GGTAGGATCGACTTAG-1	1
GGTCATAAGTTGTCCA-1	7
GGTCATACAAGCAATA-1	6
GGTCATACACTCCACT-1	3
GGTCATAGTACCGGCT-1	2
GGTCATAGTCAGACGA-1	1
GGTCATATCCCGTAGG-1	1
GGTCATATCCGGCGAT-1	1
GGTGAAGAGATCGATA-1	1
GGTGAAGAGCGTCAAG-1	2
GGTGAAGAGCTTCAAC-1	1
GGTGAAGAGGCTCAGA-1	5
GGTGAAGCACAACGGA-1	2
GGTGAAGCACAGAAGC-1	6
GGTGAAGCACCGAAAG-1	3
GGTGAAGGTGAGTTGG-1	1
GGTGAAGGTTTAGAAG-1	2
GGTGAAGTCACTGGTA-1	2
GGTGAAGTCTACCCGT-1	5
GGTGAAGTCTAGCAAC-1	4
GGTGCTGAGCAGAAAG-1	1
GGTGCTGAGTGAAACT-1	3
GGTGCTGAGTGTTCCA-1	2
GGTGCTGCACATTGCA-1	4
GGTGCTGGTCAACTGT-1	1
GGTGCTGTCGAAGCCC-1	8
GGTGTCGAGACAGTGC-1	2
GGTGTCGCAGAACTTC-1	3
GGTGTCGCAGAAGTGC-1	2
GGTGTCGGTTGGGAAC-1	2
GGTGTCGTCCGCGATG-1	6
GGTGTCGTCCTGTGGG-1	5
GGTTGCGAGATCGATA-1	2
GGTTGCGAGGTTGTGG-1	5
GGTTGCGCATATAGAG-1	4
GGTTGCGCATATTGGC-1	4
GGTTGCGCATGCACTA-1	1
GGTTGCGGTAGTTTGC-1	1
GGTTGCGGTGCATTGT-1	4
GGTTGCGGTGGACCAA-1	2
GGTTGCGGTTATAGAG-1	1
GGTTGCGTCAAATGGA-1	1
GGTTGCGTCGAAGCCC-1	1
GTAATCGCAGCAATGG-1	5
GTAATCGGTACGCCCA-1	1
GTAATCGGTGCACCCA-1	4
GTAATCGTCCCACGGA-1	1
GTAATCGTCGACCCGA-1	1
GTAATCGTCGCAGATT-1	3
GTAATCGTCGTGTGCG-1	1
GTAATCGTCTACTTTG-1	2
GTACTTTAGTAACACA-1	1
GTACTTTCACACACAT-1	4
GTACTTTCAGCTATAC-1	8
GTACTTTTCCAATCCC-1	5
GTACTTTTCCATACGA-1	1
GTACTTTTCCTAAAGC-1	1
GTAGACTAGTGCTAGG-1	1
GTAGACTCAGGGTAAC-1	4
GTAGACTCAGTCAGAG-1	6
GTAGACTCAGTTACAC-1	6
GTAGACTCATTCTCGC-1	6
GTAGACTGTGTTGGTT-1	2
GTAGACTTCACTACCC-1	6
GTAGACTTCGATAGCT-1	5
GTAGACTTCGTGGCGT-1	2
GTAGACTTCTGGGCGT-1	3
GTAGGAGAGACGTCAG-1	4
GTAGGAGAGTGTCGGA-1	1
GTAGGAGCAAGATTAG-1	3
GTAGGAGCACCTCGTT-1	2
GTAGGAGCACTCGTGG-1	6
GTAGGAGGTACGTATC-1	1
GTAGGAGGTTATCGAC-1	7
GTAGGAGTCCGAATTG-1	1
GTAGGAGTCTATAGGC-1	1
GTAGTACAGAAGACTT-1	1
GTAGTACAGAGAATTC-1	1
GTAGTACAGTATGGGC-1	1
GTAGTACAGTCAGCCC-1	1
GTAGTACCATAGATAG-1	2
GTAGTACTCACTACCC-1	3
GTAGTACTCTCCTTGG-1	2
GTCACAAAGACTAGGC-1	2
GTCACAAAGGTACACG-1	2
GTCACAAAGTTCAGGG-1	1
GTCACAACAAGAAACT-1	4
GTCACAACAATTGGCT-1	5
GTCACAACACCCTTAC-1	6
GTCACAACAGTTAAAG-1	7
GTCACAAGTAACTCCA-1	2
GTCACAAGTACTTGAC-1	1
GTCACAAGTCAACGGA-1	2
GTCACAAGTGTCTACA-1	6
GTCACAATCCAACCTC-1	6
GTCACAATCCAGAGAG-1	2
GTCACCTAGTGAGCAC-1	2
GTCACCTCACAGAAGC-1	1
GTCACCTCACGGTTAT-1	4
GTCACCTCAGCGTGAA-1	5
GTCACCTCAGCTTACA-1	2
GTCACCTCATCGACGC-1	2
GTCACCTCATCGGCCA-1	7
GTCACCTCATGTGAGG-1	2
GTCACCTGTGACGCAA-1	1
GTCACCTGTGCATTCA-1	2
GTCACCTGTGGACGAT-1	8
GTCACCTGTTAAGGGC-1	2
GTCACCTTCCATCATT-1	2
GTCACCTTCCGTGCGA-1	4
GTCACGGAGACTAATG-1	4
GTCACGGAGGCGACTA-1	7
GTCACGGAGGTAAGCC-1	3
GTCACGGCAACACGGA-1	1
GTCACGGCAAGTAACA-1	1
GTCACGGCAGGATAGC-1	1
GTCACGGGTCAGCTTA-1	1
GTCACGGGTTGCTTGA-1	4
GTCACGGGTTTAAGGA-1	4
GTCACGGTCTATGAGC-1	7
GTCACTCAGCTCGGCT-1	5
GTCACTCCACGAACGA-1	2
GTCACTCCATGGGTGA-1	1
GTCACTCGTAGCGGTA-1	1
GTCACTCGTCCAGACC-1	3
GTCACTCGTCTGGATT-1	2
GTCACTCGTGTCGGTC-1	1
GTCACTCTCCCTATTA-1	1
GTCACTCTCTCCCTTT-1	1
GTCCATCAGAAGACTT-1	2
GTCCATCAGTACAACA-1	7
GTCCATCAGTTAGAGT-1	2
GTCCATCGTTGAAGCG-1	4
GTCCATCTCGGTACTA-1	1
GTCGTAAAGCGTCAAG-1	7
GTCGTAAAGGTCTTTG-1	2
GTCGTAAAGTAGCAAT-1	2
GTCGTAAAGTTACACC-1	5
GTCGTAACATTTAGGC-1	2
GTCGTAAGTGGACGAT-1	4
GTCGTAAGTTCCAGTA-1	1
GTCGTAATCCCAGTAA-1	2
GTCGTAATCTGGCGCA-1	1
GTCTACCAGCTCGGCT-1	1
GTCTACCAGTACAGTA-1	1
GTCTACCAGTGAGCTG-1	4
GTCTACCGTAAACGGC-1	2
GTCTACCGTCTCAAAC-1	5
GTCTACCTCGCTCGGA-1	2
GTCTACCTCTACATCT-1	1
GTGACATAGACAGTGC-1	1
GTGACATCAAGCGGTA-1	3
GTGACATGTGCAAGCA-1	3
GTGACATGTGCGCTCA-1	1
GTGACATGTTGTATCG-1	5
GTGACATTCCCGGGTA-1	3
GTGATCAAGACACGGT-1	1
GTGATCACACTGGGCT-1	5
GTGATCACAGTTGCAT-1	2
GTGATCAGTACTATGC-1	3
GTGATCAGTATTGTGC-1	2
GTGATCAGTCACCGCA-1	5
GTGATCATCCAACCTC-1	6
GTGCACGCAACTCAAC-1	2
GTGCACGCATATAGAG-1	1
GTGCACGGTAACTGAA-1	3
GTGCACGGTTATCGAC-1	2
GTGCACGTCGCTTGAA-1	6
GTGCACGTCTCCTTAA-1	2
GTGCCAGAGGGTCCCT-1	8
GTGCCAGAGGTGTCGA-1	1
GTGCCAGCAAACCCTA-1	2
GTGCCAGCAATGTGTC-1	1
GTGCCAGCAATTCAGC-1	1
GTGCCAGCATGCGACC-1	2
GTGCCAGGTCGACTGC-1	6
GTGCCAGTCATACTTC-1	5
GTGCCAGTCCTAAAGC-1	2
GTGCCAGTCGGGCTCA-1	3
GTGCTGGAGGTCACTT-1	3
GTGCTGGGTAGAATAC-1	3
GTGCTGGGTGGAAAGA-1	2
GTGCTGGGTTAGGCTT-1	1
GTGCTGGTCCCAATAG-1	1
GTGCTGGTCGCACAAT-1	8
GTGCTGGTCTATTTCG-1	5
GTGGATTAGAACGTCG-1	2
GTGGATTAGTCCTTCC-1	2
GTGGATTAGTGAGCAC-1	1
GTGGATTGTTACCACA-1	1
GTGGATTGTTGTATCG-1	1
GTGGATTTCGGTCGAC-1	1
GTGGCGTAGATCTAAG-1	2
GTGGCGTAGCATTCCA-1	5
GTGGCGTAGGCAGTAC-1	4
GTGGCGTAGGCCTAAG-1	2
GTGGCGTAGTAACATG-1	6
GTGGCGTAGTACTCTG-1	6
GTGGCGTAGTTCGCGC-1	1
GTGGCGTGTGGACTGA-1	6
GTGGCGTGTTTGTGAC-1	1
GTGGCGTTCCGAATTG-1	1
GTGGCGTTCTTCACTA-1	1
GTGTCAAAGACTCTTG-1	1
GTGTCAACAAGTAATG-1	1
GTGTCAACAGCCACGT-1	1
GTGTCAACATTCACGA-1	3
GTGTCAAGTCATAAGA-1	3
GTGTCAAGTGCTTTGA-1	1
GTGTCAAGTTAGAGAT-1	2
GTGTCAATCGAGAAGC-1	2
GTGTCAATCGTGCTTC-1	1
GTGTCCTAGAATGCTA-1	7
GTGTCCTAGTTAGAGT-1	5
GTGTCCTGTAAAGCTA-1	1
GTGTCCTGTAACGGTG-1	2
GTGTCCTTCCGATGCG-1	6
GTGTCCTTCTCTGCGT-1	7
GTGTGATAGAGCTCCC-1	1
GTGTGATAGATATGTG-1	2
GTGTGATAGCGAATAT-1	1
GTGTGATCAGTTAAAG-1	8
GTGTGATCATATTGGC-1	3
GTGTGATGTAGCGGTA-1	1
GTGTGATTCTTCAGAG-1	7
GTTACGAAGAATATCG-1	1
GTTACGAAGTCATACC-1	1
GTTACGACACACATTG-1	2
GTTACGACACTACACA-1	2
GTTACGAGTGGACAGT-1	7
GTTACGATCAAACCAC-1	5
GTTACGATCACGGGTC-1	7
GTTACTTAGAGCTACG-1	1
GTTACTTGTCAACTAC-1	2
GTTACTTGTGGCGCTT-1	1
GTTACTTTCACGTGTA-1	4
GTTACTTTCCTGTGGG-1	2
GTTACTTTCTCGCGGA-1	4
GTTACTTTCTTCTTCC-1	1
GTTATGGAGTTGTCCA-1	3
GTTATGGCAATACTGC-1	3
GTTATGGCAGCCACGT-1	2
GTTATGGCAGTTACAC-1	3
GTTATGGGTGGCATAG-1	1
GTTATGGTCAGTACAC-1	2
GTTATGGTCTTACTCA-1	7
GTTATTCAGAACGCCA-1	1
GTTATTCAGAGGAACA-1	6
GTTATTCCAATCACTG-1	4
GTTATTCCATTTCACT-1	3
GTTATTCGTATTCGCA-1	7
GTTATTCGTCAACGGA-1	2
GTTATTCGTGCACATT-1	5
GTTATTCGTTCTTTGT-1	4
GTTATTCTCAGAACGG-1	5
GTTATTCTCCACTAGA-1	1
GTTCAAGAGAATCAAC-1	1
GTTCAAGAGTATACGA-1	5
GTTCAAGCACAAACAA-1	1
GTTCAAGCATGTATCG-1	5
GTTCAAGGTAGCAGGT-1	1
GTTCAAGGTCATAGAA-1	3
GTTCAAGTCACCCGGA-1	5
GTTCAAGTCACTAGGT-1	5
GTTCAAGTCAGTCAAC-1	5
GTTCAAGTCCAGGGAA-1	5
GTTCAAGTCGATGCAT-1	2
GTTCAAGTCGCGGCAT-1	3
GTTGGGCAGGTAAGTT-1	2
GTTGGGCAGTCCTTCC-1	1
GTTGGGCCACTGAAGG-1	3
GTTGGGCGTCCACCAG-1	8
GTTGGGCGTTTGTGAC-1	5
GTTGGGCTCGAGAACG-1	1
GTTGGGCTCTCATATC-1	1
GTTGGTACAATCACTG-1	5
GTTGGTACATGTCCCT-1	6
GTTGGTAGTAGTCTGT-1	6
TAAACCGAGACGTCAG-1	6
TAAACCGAGAGCGAAA-1	3
TAAACCGAGGATCCTT-1	5
TAAACCGAGTCACGCC-1	1
TAAACCGCAATGCCAT-1	2
TAAACCGCACGCGACT-1	7
TAAACCGCACTTACAG-1	2
TAAACCGGTCCGTGCA-1	1
TAAACCGGTTCCGCGA-1	1
TAAACCGGTTCTGAGT-1	1
TAAACCGTCAAGGCAG-1	3
TAAACCGTCCAATCCC-1	1
TAAACCGTCGCACCGA-1	6
TAACAGCAGAGCACTG-1	1
TAACAGCAGATGGGAA-1	1
TAACAGCAGGCAGATC-1	2
TAACAGCGTGGTACTT-1	1
TAACAGCGTTCTACCC-1	2
TAACAGCGTTTAGGAA-1	3
TAACAGCTCGGATAGG-1	1
TAACAGCTCGGTCTAA-1	4
TAACAGCTCTTTGCAT-1	6
TAACGGTCACGCTGTG-1	2
TAACGGTCAGGCACAA-1	7
TAACGGTGTGGACGAT-1	8
TAACGGTGTTGTGAGG-1	1
TAACGGTTCCAATAGC-1	1
TAACGGTTCCCACTAC-1	2
TAACTTCAGGAAGAAC-1	4
TAACTTCAGGTCGGTA-1	1
TAACTTCAGTCACGCC-1	1
TAACTTCCACTACACA-1	4
TAACTTCGTCCGTCGA-1	1
TAACTTCGTGTACGCC-1	1
TAACTTCGTTTAAGCC-1	4
TAACTTCTCACTCGGG-1	1
TAACTTCTCAGCACTA-1	2
TAACTTCTCCAATAGC-1	3
TAACTTCTCTGACTTT-1	8
TAAGCCAAGACACAAT-1	2
TAAGCCAAGATGCGAC-1	4
TAAGCCAAGCCTGGTC-1	1
TAAGCCACAAGGAACC-1	1
TAAGCCACATTACCTT-1	1
TAAGCCACATTCACGA-1	1
TAAGCCACATTTCACT-1	1
TAAGCCAGTATTCGCA-1	4
TAAGCCAGTCACCGCA-1	5
TAAGCCAGTGCTTTGA-1	1
TAAGCCAGTTTCTACT-1	4
TAAGCCATCAATTCCT-1	2
TAAGCCATCAGATACC-1	1
TAAGCCATCCATAACG-1	2
TAAGCCATCCGGCTGA-1	1
TAAGCCATCCTTACGC-1	1
TAAGTGCCAAAGGTCG-1	1
TAAGTGCCACAAGGGT-1	2
TAAGTGCCACCGAATT-1	1
TAAGTGCGTGCAACAG-1	1
TAAGTGCTCACTAGCA-1	5
TAAGTGCTCAGGTTTG-1	1
TAATCGGCAATCACTG-1	5
TAATCGGCATCCATAG-1	2
TAATCGGGTCAGCTTA-1	1
TAATCGGGTCTGAGCC-1	6
TAATCGGGTTCTTTCA-1	6
TAATCGGTCTTCTCTC-1	1
TAATTCCAGTCAGCCC-1	1
TAATTCCCAACTCGTA-1	1
TAATTCCCATTGATGC-1	3
TAATTCCGTAGAAAGG-1	1
TAATTCCGTCACCGCA-1	1
TAATTCCGTCTGGGAA-1	3
TAATTCCGTTGGCTTA-1	5
TAATTCCTCAGAACGG-1	3
TACAGCAAGCCATGGA-1	5
TACAGCACAGGCATCC-1	1
TACAGCACAGTAGGCA-1	2
TACAGCACATGATCGT-1	5
TACAGCACATTTGGTG-1	1
TACAGCAGTATGGATA-1	7
TACAGCAGTCAGAGTG-1	6
TACAGCAGTCCGGTAC-1	3
TACAGCATCGACCCGA-1	5
TACATGGAGAGAATTC-1	2
TACATGGAGGACTAGC-1	5
TACATGGAGTGATATG-1	1
TACATGGCAACTCAAC-1	1
TACATGGGTGTGTGCC-1	3
TACATGGTCCGTCAAA-1	7
TACATGGTCTGACATG-1	5
TACATGGTCTTGTGCC-1	2
TACATTCAGAAATGGG-1	5
TACATTCAGATCACCT-1	1
TACATTCAGTCTCGAT-1	1
TACATTCGTAACGGCA-1	5
TACATTCGTCAACTAC-1	5
TACATTCGTGCATTGT-1	7
TACATTCGTGCTGAAG-1	1
TACATTCGTTACCACA-1	1
TACCCTGCAACTGCGC-1	5
TACCCTGTCACTGATG-1	1
TACCCTGTCCAGCACG-1	4
TACCCTGTCTATCCTA-1	8
TACCTATAGACTAGGC-1	1
TACCTATAGTCCAGAG-1	1
TACCTATCAAAGGAAG-1	1
TACCTATCACAAACGG-1	3
TACCTATGTACGGATG-1	2
TACCTATGTCGAGGTA-1	2
TACCTATTCACTACCC-1	1
TACCTCGCACGCTCAG-1	5
TACCTCGCATGGGTGA-1	3
TACCTCGGTACGTAAA-1	1
TACCTCGGTCGCTACG-1	8
TACCTCGTCACCCTTG-1	2
TACCTCGTCCAAGTCA-1	2
TACCTCGTCGACCCGA-1	2
TACCTCGTCGTCCCTA-1	2
TACCTCGTCTCTGAGA-1	2
TACGCAAAGCTCGTTA-1	6
TACGCAACAAGAGCGT-1	1
TACGCAACAGCTTACA-1	4
TACGCAACAGGATGTG-1	1
TACGCAAGTTTAAGGA-1	1
TACGCAATCTCCTTGG-1	1
TACGCAATCTCTTCTC-1	4
TACGCCTCACACATTG-1	4
TACGCCTCATCCCAAA-1	4
TACGCCTCATGGCCCA-1	2
TACGGATAGTCATCTG-1	1
TACGGATCACTAGGAG-1	5
TACGGATTCATTGCCC-1	5
TACGGATTCGTGAGTT-1	4
TACGGATTCTCTCAAT-1	3
TACTAGGAGGGCTCTC-1	4
TACTAGGAGTGATTAG-1	4
TACTAGGCAAGCAATA-1	4
TACTAGGCAATTGGCT-1	5
TACTAGGCACCTACCT-1	1
TACTAGGCAGGACCTC-1	4
TACTAGGCATTAACGC-1	2
TACTAGGGTAGATGAT-1	2
TACTAGGGTCAATACC-1	4
TACTAGGTCCTCCCAA-1	2
TACTAGGTCTTCATAC-1	2
TACTCGCAGGATCCTT-1	1
TACTCGCCAAGACTAA-1	4
TACTCGCGTAACCCAT-1	4
TACTCGCGTCGTCGCA-1	3
TACTCGCGTGTCGGTC-1	2
TACTCGCGTGTGCTTA-1	1
TACTGCCAGCTATCCA-1	2
TACTGCCCAAGGGAGG-1	4
TACTGCCCACAGGAAC-1	2
TACTGCCGTCATAGCT-1	1
TACTGCCGTGCCAAGA-1	4
TACTGCCTCATTGCCC-1	3
TACTGCCTCCCGATTC-1	7
TAGACTGAGACTTGAA-1	2
TAGACTGCAAAGAAGG-1	2
TAGACTGCACGTTACA-1	2
TAGACTGGTCGATAGG-1	1
TAGACTGGTTACTACG-1	1
TAGCACAAGCTAACAA-1	3
TAGCACAAGTAGTGTA-1	4
TAGCACAAGTTACACC-1	4
TAGCACACAATAGTGA-1	7
TAGCACACATTCCCGT-1	8
TAGCACAGTAGTTTGC-1	7
TAGCACATCATCGCAA-1	1
TAGCATGAGAATCAAC-1	1
TAGCATGAGTGCTGAG-1	1
TAGCATGCACGGTGTC-1	6
TAGCATGCAGCAGGTA-1	1
TAGCATGCAGTTGGAG-1	2
TAGCATGCATCCTGGG-1	2
TAGCATGGTATCGCGC-1	3
TAGCATGGTGCTTCCT-1	3
TAGCCCTAGAAATACC-1	1
TAGCCCTAGGAGTCTG-1	5
TAGCCCTAGGCCAGTA-1	2
TAGCCCTCAACAAACA-1	3
TAGCCCTCAAGGTTCT-1	1
TAGCCCTCACATTCTT-1	2
TAGCCCTCACTCGTGG-1	4
TAGCCCTCACTGTTAG-1	3
TAGCCCTCAGTAGGCA-1	4
TAGCCCTCATTACTTC-1	2
TAGCCCTGTGAGTAAT-1	2
TAGCCCTGTTGGTAAA-1	3
TAGCCCTTCCACGCTT-1	2
TAGCCCTTCCTTGACC-1	1
TAGCCGGCAAGGGTAC-1	6
TAGCCGGCACCGAATT-1	7
TAGCCGGCACTTGCGG-1	1
TAGCCGGGTCACTCTC-1	6
TAGCCGGGTTTCCTAT-1	4
TAGCCGGTCAGCACGC-1	1
TAGCCGGTCCGCCTAT-1	1
TAGCCGGTCCTTTGAT-1	1
TAGCCGGTCGACTTAG-1	6
TAGCGGCAGAGCAGCT-1	2
TAGCGGCGTAGTAACA-1	5
TAGCGGCGTCACAGTT-1	5
TAGCGGCGTCCTCAGG-1	4
TAGCGGCGTCCTTATT-1	4
TAGCGGCGTGTCCTTC-1	2
TAGCGGCTCCTATCCG-1	2
TAGCGGCTCGACTCGG-1	2
TAGCTTTAGTCGAGCA-1	3
TAGCTTTCAAAGGCCA-1	2
TAGCTTTCACGCGTTG-1	3
TAGCTTTCATCAGAAA-1	1
TAGCTTTGTCAGAGTG-1	3
TAGCTTTGTTACCACA-1	5
TAGCTTTTCGTGCTGG-1	1
TAGGAGGCAAAGGCCA-1	1
TAGGAGGCAGCCACGT-1	1
TAGGAGGCAGGATAGC-1	3
TAGGAGGCAGTATCTG-1	1
TAGGAGGGTCTGTTGA-1	6
TAGGAGGTCAGTCTTT-1	1
TAGGTCAAGAGCTACG-1	4
TAGGTCACAAGCAGGT-1	5
TAGGTCACAAGGCTTT-1	2
TAGGTCACACATATCG-1	6
TAGGTCAGTCAGACGA-1	2
TAGGTCAGTGTGTGCC-1	1
TAGGTCATCACATCCC-1	1
TAGGTCATCAGTACAC-1	7
TAGGTGTAGGCAAGCT-1	1
TAGGTGTAGTGCCCTG-1	1
TAGGTGTAGTTCAAGA-1	5
TAGGTGTGTGGTAAGC-1	3
TAGGTGTTCTATCCTA-1	1
TAGGTGTTCTGGTACA-1	6
TAGTCCCAGAGTGGAA-1	7
TAGTCCCAGCAACTGG-1	2
TAGTCCCAGGGTTCTT-1	2
TAGTCCCAGTCATCTG-1	1
TAGTCCCCACAAACAA-1	8
TAGTCCCGTACGGAGT-1	1
TAGTCCCGTCGCTAGC-1	2
TAGTCCCGTTCCTATT-1	1
TAGTCCCTCGCGTTCT-1	2
TATCGAGAGAGCAGCT-1	3
TATCGAGAGCCGCAAA-1	1
TATCGAGAGTGTAATG-1	3
TATCGAGCAACGCACC-1	4
TATCGAGGTCGCTAGC-1	2
TATCGAGTCCCAGTAA-1	1
TATCGAGTCGCAGATT-1	1
TATCTGTAGACACAAT-1	3
TATCTGTAGGGTATCG-1	2
TATCTGTCACATTCTT-1	6
TATCTGTCACGTGAAG-1	3
TATCTGTCACTCAGCG-1	4
TATCTGTCAGATTTGC-1	5
TATCTGTGTAGCAGCA-1	1
TATCTGTGTGGTTCTA-1	2
TATCTGTGTTGTATCG-1	1
TATGTGGAGAAATTCG-1	4
TATGTGGAGAGGCCTA-1	4
TATGTGGAGCGTATCT-1	8
TATGTGGAGTACCCAT-1	6
TATGTGGCAACGTACT-1	2
TATGTGGCAGGGCTTC-1	2
TATGTGGCATATAGAG-1	1
TATGTGGGTACGACCC-1	4
TATGTGGTCCTCCAGT-1	7
TATGTTCAGATCGATA-1	1
TATGTTCCAAGCACTT-1	1
TATGTTCGTCGCGCTA-1	4
TATGTTCGTTTCTACT-1	2
TATGTTCTCAAATGGA-1	7
TATTGCTAGGGTGTTG-1	6
TATTGCTCATACCCGG-1	6
TATTGCTCATCCCTCA-1	4
TATTGCTGTATCTCAG-1	1
TATTGCTGTCTAAAGA-1	2
TATTGCTGTGCTTCCT-1	3
TATTGCTTCACTAGCA-1	1
TATTGCTTCCGCTCTA-1	2
TATTGCTTCTTGTCAT-1	2
TCAAAGCCAACACGGA-1	1
TCAAAGCCAACCTCCT-1	1
TCAAAGCCATGGATGG-1	5
TCAAAGCGTTGGCTTA-1	5
TCAAAGCTCCAAGAGG-1	1
TCAAAGCTCTCTTCCT-1	1
TCAAAGCTCTTATCAC-1	1
TCAAGACAGACCATAA-1	6
TCAAGACAGGAGACTC-1	1
TCAAGACGTAACATAG-1	1
TCAAGACGTACGGATG-1	7
TCAAGACGTTACCACA-1	1
TCAAGACTCCCGGGTA-1	7
TCAAGCAAGTGTCGCC-1	2
TCAAGCAGTACGGATG-1	1
TCAAGCAGTCAGCAAG-1	3
TCAAGCATCTTCACTA-1	8
TCAAGGTAGTCGATAA-1	2
TCAAGGTCAGGATAGC-1	2
TCAAGGTGTTAGTAGA-1	4
TCAAGGTGTTCAGAAA-1	1
TCAAGGTTCAAAGTAG-1	6
TCAAGGTTCCCAGCAG-1	1
TCAATTCAGCGCCTAC-1	3
TCAATTCAGTTGTCCA-1	1
TCAATTCCAACCTCTC-1	1
TCAATTCCAACGCACC-1	1
TCAATTCCACCCATCT-1	2
TCAATTCGTGCTGAAG-1	1
TCACAAGAGATACCAA-1	1
TCACAAGAGCCATCAT-1	2
TCACAAGAGTAGAAGG-1	1
TCACAAGAGTGCTCGC-1	3
TCACAAGAGTTCAACC-1	6
TCACAAGCAATTGTGC-1	4
TCACAAGCATGTCCCT-1	3
TCACAAGGTTCACGTA-1	2
TCACAAGGTTCGGGAA-1	5
TCACAAGTCCTCCTGA-1	4
TCACAGAAGCGTATCT-1	5
TCACAGAAGGCAGTGT-1	6
TCACAGAAGTGCTGAG-1	1
TCACAGACAGTCAGAG-1	1
TCACAGAGTATATGGA-1	6
TCACAGAGTGGTTCTA-1	4
TCACAGAGTTAGGAAT-1	3
TCACAGATCCTGGAAT-1	1
TCACCACAGATCCGAG-1	7
TCACCACAGTCAGCCC-1	5
TCACCACAGTCGTGAG-1	6
TCACCACCAGGATGTG-1	1
TCACCACGTGCTGGCT-1	2
TCACCACGTGTCTCGG-1	2
TCACCACGTTTCTTAC-1	5
TCACCACTCTACCCGT-1	1
TCACCTGAGAGCTACG-1	2
TCACCTGCAGGTTATC-1	1
TCACCTGGTAACGTAA-1	3
TCACCTGGTACTAGAA-1	1
TCACCTGGTCTGGTTA-1	7
TCACCTGGTTCCGGCA-1	1
TCACCTGTCAAGGCCC-1	5
TCACCTGTCCACCTAC-1	3
TCACCTGTCCCGAAGC-1	1
TCACCTGTCGGTCGAC-1	1
TCACTCGAGAAGACTT-1	2
TCACTCGAGACTCGGA-1	1
TCACTCGAGCCTATAC-1	2
TCACTCGAGCGTCAAG-1	2
TCACTCGAGGGTGTTG-1	1
TCACTCGCAACGAGGT-1	7
TCACTCGCAAGGAAGA-1	1
TCACTCGCAAGGTCGA-1	1
TCACTCGCAGACTAAA-1	2
TCACTCGGTAAAGGCC-1	1
TCACTCGGTAAGGTCG-1	6
TCACTCGGTTGGCTAT-1	7
TCAGCTCAGAAAGCAG-1	2
TCAGCTCAGGCCTCGT-1	6
TCAGCTCCAACGTACT-1	1
TCAGCTCCAACTTGGT-1	1
TCAGCTCCACCGATCG-1	5
TCAGCTCCACTTTGGA-1	6
TCAGCTCCATCCCTTG-1	2
TCAGCTCGTGCAGACA-1	1
TCAGGGCAGACCAATA-1	1
TCAGGGCAGATCCGAG-1	6
TCAGGGCAGGGTTCTT-1	7
TCAGGGCAGTTAGCGG-1	5
TCAGGGCCACTGTCGG-1	1
TCAGGGCGTAAGTCTC-1	2
TCAGGGCGTGGATTTC-1	3
TCAGGGCTCTTCGTTA-1	1
TCAGGTAAGTTCAACC-1	2
TCAGGTACAACTAGAA-1	7
TCAGGTACAATCACTG-1	1
TCAGGTACAATTCTCT-1	4
TCAGGTACATTGCCTC-1	3
TCAGGTAGTAGCAGGT-1	5
TCAGGTAGTGAGTCGA-1	2
TCAGGTAGTTCCAATG-1	6
TCAGGTATCGCTTCAC-1	4
TCAGGTATCGTATAGC-1	4
TCAGTCCAGAACTCCT-1	1
TCAGTCCAGAGTGGAA-1	5
TCAGTCCCAAGTTCGT-1	1
TCAGTCCGTGCTGAAG-1	5
TCAGTCCTCGACTCGG-1	3
TCAGTCCTCTGTAGAC-1	6
TCAGTTTAGATCACCT-1	4
TCAGTTTAGATGAGGA-1	2
TCAGTTTAGGGCGAAG-1	6
TCAGTTTAGGTTGTGG-1	2
TCAGTTTCACCTCGTT-1	4
TCAGTTTCATGCTATG-1	1
TCAGTTTGTAACTCCA-1	1
TCAGTTTGTAGTACAA-1	1
TCAGTTTGTCCGGTAC-1	5
TCAGTTTGTCGATAGG-1	2
TCAGTTTGTCTCTGCT-1	1
TCAGTTTGTCTGGTTA-1	1
TCAGTTTTCTCTGCGT-1	7
TCAGTTTTCTTAACGG-1	7
TCCAGAAAGAGAAGCA-1	2
TCCAGAAAGAGAGTAG-1	3
TCCAGAAAGTGGACGT-1	4
TCCAGAAGTAACGGAC-1	3
TCCAGAAGTACGCCCA-1	5
TCCAGAAGTACTATGC-1	1
TCCAGAAGTCCAAGTT-1	2
TCCAGAATCAAACCCA-1	3
TCCAGAATCCACGAGC-1	7
TCCATCGAGATGTTGA-1	3
TCCATCGAGGAGACTC-1	4
TCCATCGCAAATGCTC-1	1
TCCATCGCAAGCGTCC-1	3
TCCATCGCAGGTCCTG-1	6
TCCATCGCATGATTGC-1	1
TCCATCGCATTACTTC-1	5
TCCATCGCATTCACGA-1	2
TCCATCGGTTCACGTA-1	3
TCCATCGTCCACTAGA-1	3
TCCATCGTCGCACAAT-1	2
TCCATCGTCGTTTGAG-1	1
TCCCACAAGCAACGGT-1	1
TCCCACAAGGATGTCG-1	1
TCCCACACATCGCCTT-1	1
TCCCACAGTCTGGTCG-1	3
TCCCACAGTGCTGTGC-1	1
TCCCACAGTTCCAGTA-1	3
TCCCACAGTTGGCGAA-1	8
TCCCACATCGCACCGA-1	2
TCCCACATCGGATCGC-1	1
TCCGACTAGCGAGAAA-1	2
TCCGACTCAAATAGTG-1	4
TCCGACTGTTTCGATG-1	1
TCCGACTTCAAATGGA-1	5
TCCGACTTCCAACGCG-1	1
TCGAGCGAGAAGGGCG-1	6
TCGAGCGCAGAGATGC-1	1
TCGAGCGGTACGGAGT-1	4
TCGAGCGGTATTCACG-1	1
TCGAGCGGTTGGACGA-1	1
TCGAGCGTCCAATAGC-1	1
TCGAGCGTCGGATGTT-1	6
TCGATTTAGCAATAAC-1	1
TCGCAGGAGACCCATT-1	1
TCGCAGGAGGACCGAT-1	2
TCGCAGGCATTACACG-1	1
TCGCAGGGTAGCGTTT-1	6
TCGCAGGGTATGTCCA-1	3
TCGCAGGTCTATCTTG-1	5
TCGCCTAAGAGTCCGA-1	8
TCGCCTAAGCGCAATG-1	1
TCGCCTAAGTAATCAG-1	2
TCGCCTACACACGGTC-1	1
TCGCCTACATACTGCA-1	1
TCGCCTAGTTCCGCGA-1	5
TCGCCTAGTTTGCGAT-1	2
TCGCCTATCATCGCTC-1	2
TCGCCTATCGGTCTCT-1	1
TCGGGACAGAAGCCTG-1	8
TCGGGACAGTAGTCGG-1	1
TCGGGACCAACATAAG-1	3
TCGGGACGTGCATTGT-1	3
TCGGGACGTGTCGTGC-1	1
TCGGGACTCACATCCC-1	1
TCGGGACTCAGGGTTT-1	5
TCGGGACTCGAACCGC-1	6
TCGGGACTCGACTCGG-1	1
TCGTTCGAGTTGCGCC-1	2
TCGTTCGCAAACCCTA-1	7
TCGTTCGCAAACCTAC-1	4
TCGTTCGCACCTGAAT-1	1
TCGTTCGCACTAGGAG-1	4
TCGTTCGGTGCCCGAT-1	3
TCGTTCGGTTCTTAGG-1	7
TCGTTCGTCCCAATAG-1	8
TCGTTCGTCGCCGAAC-1	3
TCTAGTTAGCAAGGTC-1	2
TCTAGTTAGCCATCAT-1	1
TCTAGTTAGTGATAAC-1	1
TCTAGTTCAACTCGTA-1	1
TCTAGTTCAGGGCTTC-1	1
TCTAGTTGTCTGGGCT-1	2
TCTAGTTTCGATGCAT-1	7
TCTATTGAGGACCGAT-1	5
TCTATTGAGGCCAGTA-1	2
TCTATTGCAGTTGCAT-1	1
TCTATTGGTCCTCAGG-1	1
TCTATTGTCTGTTGCC-1	5
TCTCAGCAGTGTCCCG-1	5
TCTCAGCCAACATAAG-1	3
TCTCAGCCACCTACCT-1	3
TCTCAGCCACTCGCAG-1	4
TCTCAGCGTAGTACAA-1	1
TCTCAGCGTCAAACAA-1	5
TCTCTGGAGAAATGGG-1	4
TCTCTGGAGACAGCTG-1	1
TCTCTGGAGACCTATC-1	1
TCTCTGGAGATTACGA-1	2
TCTCTGGAGGATTGAT-1	4
TCTCTGGAGGCGTCCT-1	1
TCTCTGGGTCATAGCT-1	7
TCTCTGGTCCGTTTCG-1	5
TCTCTGGTCCTTACGC-1	2
TCTCTGGTCTGGCCAG-1	1
TGAATCGAGGAATGGA-1	7
TGAATCGAGGCGACTA-1	4
TGAATCGCAATCACTG-1	1
TGAATCGCACGTACAT-1	3
TGAATCGGTCAGACGA-1	1
TGAATCGGTTCTCGAA-1	1
TGAATCGTCCATAGGT-1	1
TGACAACAGATTGACA-1	2
TGACAACCAAACAGTA-1	1
TGACAACGTAACATAG-1	1
TGACAACGTCTCTAAG-1	1
TGACAACGTGATAGAT-1	3
TGACAACGTGCATCAT-1	4
TGACAACGTGCTTCCT-1	1
TGACAACGTGGGTAGT-1	3
TGACAACGTTTGCATG-1	8
TGACAACTCACAAGCT-1	4
TGACAACTCCGATGCG-1	8
TGACTCCAGACTAGCG-1	2
TGACTCCCACAAGGGT-1	2
TGACTCCCAGTAAGCG-1	1
TGACTCCCATGGCCGT-1	2
TGACTCCGTAGTTTGC-1	5
TGACTCCGTATTCACG-1	2
TGACTCCGTCCGTGCA-1	1
TGACTCCGTTCTTAGG-1	3
TGACTCCTCCTGACCT-1	1
TGACTCCTCGATCTTT-1	7
TGACTCCTCGCGGCAT-1	2
TGACTCCTCTCGACAA-1	3
TGAGCCGAGCAACGGT-1	2
TGAGCCGAGCACACCC-1	5
TGAGCCGAGCTAGCAG-1	2
TGAGCCGCACCGAAAG-1	1
TGAGCCGGTGCGTAGA-1	1
TGAGCCGTCCTAAAGC-1	2
TGAGTCAAGTACGCGA-1	2
TGAGTCACACCACCAG-1	1
TGAGTCACAGCGTCGT-1	1
TGAGTCACAGGTGGTA-1	1
TGAGTCACATAGGCGA-1	1
TGAGTCAGTAAGCCGA-1	1
TGAGTCAGTCAGTGTT-1	5
TGATCAGAGAGGAATG-1	6
TGATCAGAGTATAGTG-1	2
TGATCAGAGTTAGCAA-1	1
TGATCAGCAAATTGAG-1	3
TGATCAGCAGTTGGAG-1	5
TGATCAGCATATAGAG-1	3
TGATCAGGTAGCTGTT-1	1
TGATCAGGTCCGGTAC-1	1
TGATCAGGTTACGCTA-1	2
TGATCAGTCACTCCCA-1	1
TGATCAGTCCCGTAGG-1	5
TGATCAGTCGGATAAA-1	5
TGATGCAAGAGACTCG-1	7
TGATGCAAGGCATGCA-1	1
TGATGCACAAGTAACA-1	1
TGATGCATCAGCCGAC-1	4
TGATGCATCAGTCACA-1	1
TGATTTCAGCCTATAC-1	3
TGATTTCCACTGGGCT-1	1
TGATTTCCACTTACAG-1	4
TGATTTCTCACAGGGA-1	2
TGATTTCTCCAGGGAA-1	7
TGATTTCTCTGGAAGG-1	1
TGCACCTAGAGTGGTC-1	2
TGCACCTAGATCACCT-1	2
TGCACCTAGATCGCCC-1	3
TGCACCTAGCCTATAC-1	2
TGCACCTCATCCTCGT-1	8
TGCACCTGTAGAACGC-1	4
TGCACCTGTCAACAGG-1	4
TGCACCTGTCCAAGTT-1	2
TGCACCTGTGATGCGA-1	1
TGCACCTGTGGATTTC-1	1
TGCACCTGTTAGTAGA-1	3
TGCACCTGTTCCTATT-1	1
TGCACCTTCCAAGTCA-1	1
TGCACCTTCTACTGCC-1	3
TGCACCTTCTATCTAC-1	5
TGCATGAAGAGCACTG-1	1
TGCATGAAGATGCGCA-1	1
TGCATGAAGTAGCAAT-1	3
TGCATGATCACCCTTG-1	1
TGCATGATCTCTTCTC-1	3
TGCATTTAGCTGCCAC-1	4
TGCATTTAGGGATCCA-1	1
TGCATTTAGTCGGGAT-1	4
TGCATTTCAAGTAATG-1	8
TGCATTTCATTCCCGT-1	7
TGCATTTGTAACAATG-1	1
TGCATTTGTACTTCAG-1	4
TGCATTTGTGGATTTC-1	1
TGCATTTGTGTAGGAC-1	1
TGCATTTTCACGTCAA-1	3
TGCATTTTCCATAGGT-1	5
TGCATTTTCGAGTTAC-1	1
TGCATTTTCTCCAACC-1	5
TGCCTCAAGCCATGGA-1	4
TGCCTCAAGGCTTAAA-1	1
TGCCTCAAGTTCCAGT-1	2
TGCCTCACAAATAGTG-1	1
TGCCTCACAGCTTACA-1	1
TGCCTCAGTAAGTCTC-1	4
TGCCTCAGTCCACCAG-1	3
TGCCTCAGTCCGAGCT-1	5
TGCCTCAGTTAAGGGC-1	4
TGCCTCATCACAAGCT-1	2
TGCCTCATCCACACCT-1	6
TGCCTCATCTTCGTTA-1	8
TGCCTGTAGAGTTCGG-1	1
TGCCTGTAGATGGCAC-1	2
TGCCTGTAGTCAGCCC-1	1
TGCCTGTAGTGAGCAC-1	1
TGCCTGTAGTGAGTTA-1	1
TGCCTGTAGTGTCCCG-1	6
TGCCTGTCACCTATTT-1	1
TGCCTGTCAGGTGTGA-1	4
TGCCTGTTCCGCTATC-1	1
TGCCTGTTCGTTTGAG-1	1
TGCGTAAAGAATGCTA-1	7
TGCGTAAAGCTCGTTA-1	1
TGCGTAAAGTAGTCGG-1	2
TGCGTAAAGTGATATG-1	1
TGCGTAACAAGACTTC-1	3
TGCGTAAGTGACAAGC-1	1
TGCGTAAGTTGGACGA-1	3
TGCGTAATCCTTGACC-1	2
TGCGTAATCTTCATAC-1	2
TGCTATTAGAAATGGG-1	7
TGCTATTCAGATAAGT-1	1
TGCTATTGTAACCGAG-1	1
TGCTATTGTAGCGGTA-1	4
TGCTATTGTAGTACAA-1	6
TGCTATTGTCTGTTGA-1	3
TGCTATTGTTAACTCG-1	1
TGCTATTGTTCAGTTG-1	5
TGCTATTTCAGTTGAC-1	7
TGCTATTTCTCGTAGA-1	1
TGCTATTTCTTAAGCG-1	7
TGCTCACAGAGAAGCA-1	1
TGCTCACAGCTAACAA-1	4
TGCTCACAGTCGTACT-1	3
TGCTCACCAAAGCATA-1	1
TGCTCACGTGCTAGTT-1	2
TGCTCGTAGAGGTCCA-1	5
TGCTCGTCAAAGAAGG-1	2
TGCTCGTCAACTCCCT-1	7
TGCTCGTCAAGATTAG-1	4
TGCTCGTGTACTAGAA-1	2
TGCTCGTGTAGGGTTG-1	4
TGCTCGTGTCGTAGTT-1	1
TGCTCGTTCATGTTCT-1	1
TGCTCGTTCCGGACTG-1	6
TGCTCGTTCGCGATGC-1	3
TGCTCGTTCTGTAGAC-1	1
TGCTTCGAGAAATGGG-1	1
TGCTTCGAGGCAAGCT-1	1
TGCTTCGAGTACAGTA-1	7
TGCTTCGCATCGAGTT-1	4
TGCTTCGGTCCAACCG-1	2
TGCTTCGGTCTAAGAA-1	1
TGCTTCGGTTGGAGGT-1	1
TGCTTCGTCCCAGCGA-1	6
TGCTTCGTCGGCAATT-1	1
TGCTTCGTCTTAGTGG-1	2
TGCTTCGTCTTGTGCC-1	2
TGCTTTACAAGCAGGT-1	1
TGCTTTAGTCATCAAC-1	1
TGGAAGGAGTTCGACT-1	1
TGGAAGGCAATTGCCA-1	1
TGGAAGGCACATATCG-1	1
TGGAAGGCACCAAGGA-1	3
TGGAAGGCACGCGATC-1	3
TGGAAGGGTCTAAGAA-1	1
TGGAAGGGTTAACTCG-1	4
TGGAAGGGTTTAAGCC-1	1
TGGAAGGTCGGTGATT-1	1
TGGAAGGTCTACCCGT-1	1
TGGAAGGTCTTAATCC-1	2
TGGACATAGAACAGGA-1	1
TGGACATCATAAAGTG-1	5
TGGACATTCGAGTTAC-1	1
TGGACATTCTATCTTG-1	2
TGGCAATAGATCACCT-1	4
TGGCAATCAGCAGGTA-1	1
TGGCAATCATCCTGGG-1	1
TGGCAATGTCTCTAAG-1	2
TGGCAATTCCAACCTC-1	2
TGGCAATTCTGCGTCT-1	1
TGGCCTTAGCAGTAGC-1	5
TGGCCTTAGCTAACAA-1	7
TGGCCTTCAAGCACTT-1	1
TGGCCTTCACATATCG-1	1
TGGCCTTCAGTATACC-1	4
TGGCCTTGTCTGGGCT-1	1
TGGCCTTGTGCTTGAT-1	3
TGGCCTTTCGTTGTTT-1	4
TGGCGCAAGGTTACAA-1	3
TGGCGCACAAGTCTCA-1	2
TGGCGCAGTACTAGAA-1	5
TGGCGCAGTCGCGCTA-1	1
TGGCGCAGTGAGAGTC-1	1
TGGCGCAGTGGACTGA-1	8
TGGCGCAGTTATCGAC-1	2
TGGCGCATCAGAATGA-1	1
TGGCGCATCCATAGGT-1	1
TGGCGCATCTGGCTAA-1	1
TGGGTGCCACAGCTTA-1	2
TGGGTGCCACGCTAAT-1	4
TGGGTGCCAGTAACGG-1	4
TGGGTGCGTAAGTCTC-1	5
TGGGTGCGTCAGCAAG-1	2
TGGGTGCGTTGCAGAG-1	2
TGGGTGCTCAAGGCCC-1	3
TGGGTGCTCGCAGATT-1	2
TGGGTGCTCTATATCC-1	5
TGGGTGCTCTCTTCTC-1	2
TGGGTGCTCTGCTACC-1	1
TGGGTGCTCTGGCGCA-1	4
TGGGTTAAGAATACTG-1	1
TGGGTTAAGAGAAGCA-1	4
TGGGTTACAGTAACCT-1	2
TGGGTTAGTTAACTCG-1	1
TGGGTTATCTCGTAGA-1	6
TGGTCAAAGAGAACCC-1	3
TGGTCAAAGAGCGAAA-1	5
TGGTCAAAGCAGAGCT-1	5
TGGTCAAAGGATGTCG-1	7
TGGTCAACAAACCCTA-1	1
TGGTCAACAAATTGAG-1	6
TGGTCAACAGAACGAC-1	3
TGGTCAACATGGGTGA-1	1
TGGTCAAGTGCTTCCT-1	2
TGGTCAATCGGATCGC-1	3
TGGTCAATCTCTCAAT-1	3
TGGTCCTGTAGAATAC-1	1
TGGTCCTTCGCCGAAC-1	7
TGTAAGCAGTAGAAGG-1	1
TGTAAGCAGTCGAGCA-1	3
TGTAAGCGTCGAGAAC-1	2
TGTAAGCGTGAGTCGA-1	1
TGTAAGCTCGGATCGC-1	2
TGTAAGCTCTGTCGGG-1	1
TGTAAGCTCTGTGTCC-1	1
TGTACAGAGAACGTTA-1	5
TGTACAGAGATCACCT-1	1
TGTACAGAGCCTTTGA-1	2
TGTACAGAGGATTGAT-1	2
TGTACAGCAGGCACAA-1	5
TGTACAGCATATACGC-1	1
TGTACAGGTAGGTAAT-1	2
TGTACAGGTTCCGCGA-1	1
TGTACAGTCTTCAGAG-1	8
TGTACGAAGAACCATA-1	2
TGTACGAAGCTGATTC-1	1
TGTACGAAGGTAGGCT-1	4
TGTACGAGTGCTTCCT-1	2
TGTACGATCCTGGGAC-1	6
TGTAGCAAGCGTCAAG-1	7
TGTAGCAAGGACCGAT-1	1
TGTAGCAAGGCCTCGT-1	2
TGTAGCAAGGGCTTCC-1	1
TGTAGCAAGGTTAACA-1	2
TGTAGCACACGGCCAT-1	3
TGTAGCAGTTCTACCC-1	2
TGTAGCATCGGGACAA-1	3
TGTGACAAGGCTTAAA-1	1
TGTGACACATCCCTCA-1	1
TGTGACAGTAGGTAAT-1	5
TGTGACAGTCCAGACC-1	1
TGTGACATCGACGGAA-1	2
TGTGACATCGACTGGC-1	1
TGTGGCGAGACTAGGC-1	4
TGTGGCGAGTAGGTCG-1	3
TGTGGCGCACAGTAGG-1	2
TGTGGCGCAGATAAGT-1	1
TGTGGCGGTATGGATA-1	6
TGTGGCGGTCTGGATT-1	1
TGTGGCGGTGCACATT-1	7
TGTGGCGTCATTCTTG-1	3
TGTGGCGTCGACCCGA-1	1
TGTGTCCAGAGCCTGA-1	6
TGTGTCCAGCGCATTT-1	2
TGTGTCCAGTGAACCG-1	1
TGTGTCCCAATTCTCT-1	1
TGTGTCCCAGCCGAAA-1	7
TGTGTCCCAGGGAGTT-1	1
TGTGTCCGTAATGTAG-1	5
TGTGTCCGTACGGATG-1	4
TGTGTCCGTCAAGACG-1	7
TGTGTCCGTTGGCGAA-1	1
TGTGTCCTCTATAGGC-1	4
TGTGTCCTCTCTTCTC-1	2
TGTTAGGAGCTCCGGT-1	8
TGTTAGGGTTGCAGCC-1	4
TTAACGGAGAGCCACA-1	6
TTAACGGAGGAGGCGA-1	2
TTAACGGAGGCAGTAC-1	3
TTAACGGAGGCGCTTC-1	1
TTAACGGAGTCCGGAA-1	3
TTAACGGCAAGTCTCA-1	5
TTAACGGCATGCTATG-1	8
TTAACGGGTCGCGCTA-1	1
TTAACGGGTTTGCCAA-1	1
TTAACGGTCACTCCCA-1	1
TTAACGGTCAGAATGA-1	3
TTACCCGCAAAGAAGG-1	1
TTACCCGCAAAGGCCA-1	1
TTACCCGCAGGCTACC-1	2
TTACCCGCAGGTAGGT-1	1
TTACCCGGTCATGAGG-1	1
TTACCCGGTCTAAAGA-1	2
TTACCCGGTTGTGAGG-1	4
TTACCCGTCTGATCCC-1	2
TTACCGCAGACAACGC-1	1
TTACCGCAGGGCTTCC-1	4
TTACCGCAGTCAACTC-1	2
TTACCGCCAGATGGCA-1	3
TTACCGCCATCGACGC-1	5
TTACCGCCATTAACGC-1	1
TTACCGCGTAGTATCC-1	2
TTACGGAAGCTGCCAC-1	2
TTACGGAAGGAGACTC-1	1
TTACGGACAACTCAAC-1	1
TTACGGAGTTAGGAAT-1	1
TTACGGATCGCTGATA-1	5
TTACGGATCTGACTTT-1	8
TTACGTTAGACACGGT-1	1
TTACGTTAGAGAAGCA-1	3
TTACGTTCAAATTGAG-1	1
TTACGTTCAAGACTAA-1	1
TTACGTTCAAGTTCGT-1	5
TTACGTTGTCTGATTG-1	2
TTACGTTTCAAACCCA-1	1
TTACGTTTCCAGGTAT-1	7
TTACGTTTCTACCCGT-1	1
TTACTCAAGAACTAAC-1	3
TTACTCAAGATGCGCA-1	1
TTACTCAAGGTACATA-1	6
TTACTCAAGTTGCTTG-1	3
TTACTCATCGTTGTAG-1	1
TTACTCATCTAAACGC-1	5
TTACTTGAGGAGACTC-1	1
TTACTTGAGTTAGCAA-1	1
TTACTTGGTGCCCAGT-1	7
TTACTTGTCCATTGTT-1	2
TTACTTGTCTCGACAA-1	5
TTACTTGTCTGGGCGT-1	5
TTACTTGTCTTACTCA-1	2
TTAGCGAAGGAGGCGA-1	2
TTAGCGAAGTCATACC-1	1
TTAGCGACAACGGGTA-1	4
TTAGCGACAGGGAGTT-1	3
TTAGCGACATGCGTTA-1	1
TTAGCGAGTACAAATG-1	7
TTAGCGAGTACTTCAG-1	2
TTAGCGAGTATGGATA-1	4
TTAGCGAGTTGAAGCG-1	2
TTAGCGATCCCAGTAA-1	1
TTAGCTTAGACTTCCA-1	4
TTAGCTTAGAGGAAGT-1	3
TTAGCTTAGGGACGTT-1	1
TTAGCTTAGGGCATTG-1	5
TTAGCTTCAAGTGGCA-1	2
TTAGCTTCACAGCTTA-1	2
TTAGCTTCACTGCTCT-1	4
TTAGCTTGTCGATAGG-1	5
TTAGCTTGTTCTACCC-1	6
TTAGGTGAGAATCAGT-1	1
TTAGGTGAGAGGAAGT-1	5
TTAGGTGAGATCTCAC-1	3
TTAGGTGAGTACTCTG-1	2
TTAGGTGCACGGCCAT-1	2
TTAGGTGCAGCGCGTT-1	2
TTAGGTGGTATTCGAC-1	3
TTAGGTGGTCTTAGCA-1	2
TTAGGTGTCCGCTATC-1	5
TTATGTCAGATCGAGC-1	2
TTATGTCCAAGATTAG-1	3
TTATGTCGTAAACGAT-1	1
TTATGTCGTCTGATTG-1	7
TTATGTCTCGGATAGG-1	4
TTATGTCTCGGTTAGT-1	1
TTATGTCTCTGGCTAA-1	1
TTCAACTAGAACGACC-1	3
TTCAACTCAACTCGAT-1	6
TTCAACTCACGGTTAT-1	1
TTCAACTGTTACTTTC-1	1
TTCAACTGTTGCTTGA-1	6
TTCAACTTCTCTATCA-1	4
TTCATCAAGCAACGGT-1	2
TTCATCAAGCGTGTTT-1	1
TTCATCAAGTGAGCTG-1	1
TTCATCACATGTCCCT-1	1
TTCATCAGTCCAAGAG-1	4
TTCATCAGTGTTGTTG-1	2
TTCATTGAGGAGACTC-1	1
TTCATTGCAAATTGAG-1	1
TTCATTGCATCACAGT-1	1
TTCATTGCATTAAGGA-1	4
TTCATTGGTAGAAGCC-1	5
TTCATTGGTAGGGTTG-1	1
TTCATTGGTATTCGAC-1	4
TTCATTGGTCAACGGA-1	5
TTCATTGTCAGGAATA-1	8
TTCATTGTCCATAACG-1	1
TTCATTGTCTGCTACC-1	1
TTCGATTAGACTAGCG-1	1
TTCGATTAGATTGACA-1	2
TTCGATTAGGAGTAGA-1	2
TTCGATTAGGCTCAGA-1	1
TTCGATTCAAATTGAG-1	2
TTCGATTCAAGGAAGA-1	1
TTCGATTCAGGTAACG-1	2
TTCGATTGTGTCCCAG-1	7
TTCGATTTCCCACTTG-1	5
TTCGATTTCTCATATC-1	6
TTCGCGTAGCGCGTTC-1	4
TTCGCGTAGTGAGTTA-1	2
TTCGCGTCAAGCCAGA-1	4
TTCGCGTCAATGGCTT-1	5
TTCGCGTGTAGGTAAT-1	2
TTCGCGTGTGCAACAG-1	3
TTCGCGTGTTACACTG-1	6
TTCGCGTGTTTCCACC-1	4
TTCGCGTTCCAATCCC-1	4
TTCGCGTTCGATATGC-1	2
TTCGCGTTCTTCCGTG-1	4
TTCGCGTTCTTGGCCT-1	1
TTCGGTCAGAAATTCG-1	1
TTCGGTCAGGAATGGA-1	8
TTCGGTCCAGAAGTGC-1	7
TTCGGTCGTAGTACAA-1	1
TTCGGTCGTCAGTGCC-1	3
TTCGGTCTCCGGCGAT-1	2
TTCGGTCTCGGGCTCA-1	2
TTCGTTACAGAAAGAG-1	5
TTCGTTACATCCTGGG-1	2
TTCGTTAGTACGCCCA-1	2
TTCGTTAGTGGATTCT-1	2
TTCGTTAGTTTCTACT-1	2
TTCGTTATCATTGCCC-1	1
TTCGTTATCCATAACG-1	1
TTCGTTATCCCGCAAG-1	1
TTCTAACAGAGCTCCC-1	4
TTCTAACAGTTAGAGT-1	2
TTCTAACCAAGCAGGT-1	8
TTCTAACCAGCAATGG-1	3
TTCTAACGTCTCGGGT-1	5
TTCTAACGTTCCTATT-1	2
TTCTGTAAGTTCGTTG-1	2
TTCTGTAGTGCGCTCA-1	1
TTCTGTAGTGTCCCAG-1	2
TTCTGTAGTTGGGAAC-1	5
TTCTGTATCAGTCAAC-1	1
TTCTGTATCGAGGTAG-1	3
TTCTGTATCTATACCT-1	5
TTGACGAAGATCGAGC-1	4
TTGACGAAGTAGTCGG-1	8
TTGACGACAAGTCCTA-1	4
TTGACGACATCCGTGG-1	1
TTGACGAGTAGCAGGT-1	1
TTGACGAGTCAATCCA-1	1
TTGACGAGTCCCGTGA-1	7
TTGACGATCATGAACC-1	4
TTGACGATCGCTTCAC-1	1
TTGACGATCTTCTCTC-1	6
TTGAGCAAGCGAGAAA-1	3
TTGAGCAAGTGTCCCG-1	2
TTGAGCACATCTCACC-1	3
TTGAGCAGTGGGTAGT-1	1
TTGAGCAGTGGTGGTA-1	8
TTGAGCATCAAACCCA-1	1
TTGAGCATCATTCATC-1	3
TTGAGCATCCAATCCC-1	2
TTGAGCATCTCATCCG-1	1
TTGAGCATCTCCCTTT-1	2
TTGAGTGAGATGCGAC-1	7
TTGAGTGAGGCAGTAC-1	1
TTGAGTGAGTGAGTGC-1	1
TTGAGTGCATAGGCGA-1	1
TTGAGTGTCGTGGGTC-1	2
TTGCACCAGAGCCACA-1	8
TTGCACCAGGCAGATC-1	3
TTGCACCAGGTTGTTC-1	1
TTGCACCAGTTCAAGA-1	2
TTGCACCCAAGACTAA-1	5
TTGCACCCAGTAACTC-1	4
TTGCACCTCCCGAAGC-1	5
TTGCACCTCTTCCACG-1	1
TTGCAGAAGAGCTCCC-1	3
TTGCAGAAGGCTCAGA-1	1
TTGCAGAAGGTTGTGG-1	8
TTGCAGAAGTACCCAT-1	2
TTGCAGAAGTGCAACG-1	6
TTGCAGAAGTTCAAGA-1	2
TTGCAGACAAGTCCTA-1	4
TTGCAGACACGGTTAT-1	3
TTGCAGACAGAAGTGC-1	5
TTGCAGACATACCCGG-1	1
TTGCAGACATGGCCCA-1	3
TTGCAGAGTATGTTCG-1	1
TTGCAGAGTCAAACAA-1	1
TTGCAGATCCCTAAAG-1	1
TTGCAGATCCTATCCG-1	8
TTGCAGATCGATTACG-1	2
TTGCAGATCGCTTACC-1	1
TTGCAGATCGGCATAT-1	3
TTGCCCAAGACGTCAG-1	1
TTGCCCAAGGTCGTTT-1	2
TTGCCCAAGTGAAGGA-1	6
TTGCCCACAGGTCCTG-1	7
TTGCCCAGTGCCGGTT-1	1
TTGCCCAGTTATGCAC-1	6
TTGCCCAGTTTCTACT-1	5
TTGCCCATCAGTGTGT-1	1
TTGCCCATCGCTACCT-1	1
TTGCCCATCGTCGCAG-1	1
TTGCCCATCTTCATAC-1	1
TTGCGAAAGAAGACTT-1	2
TTGCGAAAGATTCCGT-1	1
TTGCGAAAGTATGGGC-1	1
TTGCGAAAGTCTTAGC-1	2
TTGCGAACAAACCTAC-1	4
TTGCGAACAATGGCAG-1	8
TTGCGAAGTAGTCCAT-1	5
TTGCGAAGTCGCGCTA-1	2
TTGCGAAGTTCTTAGG-1	2
TTGCGAAGTTCTTTGT-1	3
TTGCGAATCCGCTCTA-1	1
TTGCGAATCGCGCTGA-1	3
TTGCGGGAGTTGCTTG-1	1
TTGCGGGCACAGAAGC-1	1
TTGCGGGGTATTTGCG-1	3
TTGCGGGGTTCCCGGA-1	3
TTGCGGGGTTCTACCC-1	3
TTGCGGGTCCATACGA-1	4
TTGCTATCATTTGGCA-1	5
TTGCTATGTCGGCTGT-1	7
TTGCTATTCACTCGGG-1	2
TTGCTTAAGGATTTGA-1	1
TTGCTTACACACATGT-1	4
TTGCTTACACCACAGC-1	1
TTGCTTACACTGATTG-1	1
TTGCTTAGTATGGTTC-1	1
TTGCTTAGTTCTCGAA-1	2
TTGCTTATCATCATGG-1	1
TTGCTTATCGGTCCGA-1	2
TTGGTCCAGCTCGTTA-1	8
TTGGTCCAGGATGTCG-1	1
TTGGTCCCAATGGTAA-1	1
TTGGTCCCAGTATCTG-1	3
TTGGTCCCATGTGGGA-1	2
TTGGTCCGTCAGAAAT-1	1
TTGGTCCGTTGTGAGG-1	6
TTGGTCCTCAATGCAC-1	1
TTGGTCCTCAGAACGG-1	4
TTGGTCCTCATGTTCT-1	2
TTGGTCCTCTATATCC-1	1
TTGTCTAAGATGCGCA-1	1
TTGTCTAAGCCCATGC-1	5
TTGTCTAAGGGATCCA-1	1
TTGTCTAAGTTACCAC-1	3
TTGTCTACATCTGCAA-1	1
TTGTCTAGTACAACGG-1	4
TTGTCTAGTCAGTGCC-1	1
TTGTCTATCCTCCTGA-1	3
TTGTCTATCGCCAGAC-1	8
TTGTCTATCGTGAACT-1	8
TTGTTCAAGAGGCGGA-1	1
TTGTTCAAGGTGAACC-1	8
TTGTTCAAGGTTAACA-1	5
TTGTTCAAGTCGACCC-1	6
TTGTTCACAAACTACC-1	2
TTGTTCACAGATGGCA-1	1
TTGTTCAGTCCAAGAG-1	5
TTGTTCAGTGTTGGTT-1	6
TTGTTCAGTTTCCGGG-1	1
TTGTTCATCCTTTGAT-1	1
TTGTTGTAGATCGAGC-1	1
TTGTTGTAGGAAGAAC-1	2
TTGTTGTAGTCCCTCT-1	5
TTGTTGTAGTCTCGAT-1	5
TTGTTGTCAATTAGGA-1	1
TTGTTGTCAGTGGTCC-1	6
TTGTTGTCATTGCCTC-1	2
TTGTTGTGTAGGTCTT-1	1
TTGTTGTGTCCGTGCA-1	8
TTGTTGTGTGGAAGCT-1	3
TTGTTGTTCCCTAAAG-1	3
TTGTTGTTCGATGAAA-1	8
TTTACGTAGAGAAGCA-1	7
TTTACGTAGGCAAGCT-1	7
TTTACGTAGGCTTCGC-1	3
TTTACGTCAGGTCCTG-1	1
TTTACGTCAGTAACGG-1	3
TTTACGTGTTAGGCTT-1	1
TTTACGTTCGGACGAA-1	2
TTTACGTTCTTGTACT-1	5
TTTGAGGAGGATGCCA-1	2
TTTGAGGAGGCGACTA-1	4
TTTGAGGCACGTTGTA-1	3
TTTGAGGCAGGCAGAT-1	1
TTTGAGGTCACTAGCA-1	2
TTTGAGGTCCGGCGAT-1	1
TTTGAGGTCCTTCGAC-1	1
TTTGAGGTCTCCAACC-1	5
TTTGAGGTCTCGTAGA-1	6
TTTGCGCCATGCACTA-1	3
TTTGCGCGTACCCACG-1	1
TTTGCGCGTACCGGCT-1	8
TTTGCGCGTATGTTCG-1	5
TTTGCGCGTGCTTGAT-1	6
TTTGCGCGTGTCCTTC-1	7
TTTGCGCGTTTGCGAT-1	7
TTTGCGCTCACAACAC-1	1
TTTGCGCTCCGTTAGA-1	1
TTTGCGCTCGCATAAC-1	1
TTTGCGCTCTCTGCGT-1	4
TTTGGCCAGACACTTC-1	5
TTTGGCCAGGCACCTC-1	2
TTTGGCCAGTTCGCGC-1	2
TTTGGCCCATCCCGGA-1	1
TTTGGCCGTCTAAGAA-1	3
TTTGGCCTCACAAGCT-1	2
TTTGGCCTCCACGCTT-1	1
TTTGGCCTCGGTTCCT-1	2
TTTGGCCTCTTTATCG-1	1
TTTGGTTAGCGCAATG-1	1
TTTGGTTAGTCACGCC-1	1
TTTGGTTCAGATTGTC-1	1
TTTGGTTGTAGCATGG-1	1
TTTGGTTGTCAATCCA-1	1
TTTGGTTGTCCCTAAA-1	3
TTTGGTTGTCGTCGCA-1	1
TTTGGTTGTTAAGTCC-1	4
TTTGGTTTCCCTATTA-1	1
TTTGGTTTCGGCTATA-1	4
TTTGTGTAGGATGCCA-1	4
TTTGTGTCAGCGCGTT-1	4
TTTGTGTGTCGATAGG-1	1
TTTGTGTGTCTAAAGA-1	6
TTTGTGTGTGTTGTTG-1	3
TTTGTGTTCCATACCC-1	4
TTTGTGTTCCTCCAGT-1	1
TTTGTGTTCTCCCTTT-1	4
